{"stats":{"minecraft:picked_up":{"minecraft:crafting_table":1,"minecraft:salmon":3,"minecraft:dirt":31,"minecraft:raw_copper":7,"minecraft:iron_axe":1,"minecraft:bone":7,"graveyard:corruption":3,"minecraft:kelp":111,"minecraft:cooked_porkchop":3,"minecraft:sand":1,"minecraft:spruce_sapling":1,"minecraft:ink_sac":4,"minecraft:spruce_log":27,"minecraft:carrot":1,"minecraft:spruce_door":1,"minecraft:stone_sword":1,"minecraft:arrow":4,"minecraft:rotten_flesh":5,"minecraft:stone_axe":1,"minecraft:coal":42,"minecraft:cod":2,"minecraft:cobblestone":52},"minecraft:mined":{"minecraft:kelp_plant":21,"minecraft:spruce_door":1,"minecraft:crafting_table":1,"minecraft:grass_block":15,"minecraft:copper_ore":3,"minecraft:spruce_leaves":4,"minecraft:kelp":7,"minecraft:large_fern":1,"minecraft:seagrass":2,"minecraft:tall_seagrass":6,"minecraft:spruce_log":28,"minecraft:coal_ore":43,"minecraft:sand":6,"minecraft:dirt":11,"minecraft:stone":51},"minecraft:used":{"minecraft:stone_sword":8,"minecraft:spruce_door":2,"minecraft:stone_pickaxe":92,"minecraft:dried_kelp":25,"minecraft:wooden_pickaxe":24,"minecraft:rotten_flesh":4,"minecraft:dirt":4,"minecraft:crafting_table":4,"minecraft:spruce_log":1,"minecraft:stone_axe":93,"minecraft:cooked_porkchop":3,"minecraft:furnace":1,"minecraft:cooked_cod":1},"minecraft:dropped":{"minecraft:carrot":1,"graveyard:corruption":3,"minecraft:cooked_cod":1,"minecraft:dried_kelp":14,"minecraft:iron_axe":1},"minecraft:killed":{"graveyard:nightmare":1,"minecraft:salmon":3,"minecraft:cod":2,"minecraft:skeleton":3,"minecraft:zombie":1,"minecraft:drowned":1},"minecraft:killed_by":{"alexsmobs:cachalot_whale":1},"minecraft:custom":{"minecraft:interact_with_furnace":10,"minecraft:mob_kills":11,"minecraft:interact_with_crafting_table":9,"minecraft:leave_game":1,"minecraft:time_since_death":3974,"minecraft:time_since_rest":4001,"minecraft:sprint_one_cm":62839,"minecraft:damage_taken":1607,"minecraft:walk_one_cm":103821,"minecraft:drop":20,"minecraft:damage_dealt":3028,"minecraft:swim_one_cm":139733,"minecraft:fly_one_cm":35170,"minecraft:open_chest":5,"minecraft:crouch_one_cm":1340,"minecraft:play_time":36950,"minecraft:deaths":3,"minecraft:sneak_time":2940,"minecraft:walk_under_water_one_cm":44770,"minecraft:jump":727,"minecraft:walk_on_water_one_cm":17659,"minecraft:total_world_time":36950,"minecraft:fall_one_cm":6217},"minecraft:crafted":{"minecraft:cooked_cod":2,"minecraft:crafting_table":3,"minecraft:spruce_planks":104,"minecraft:dried_kelp":41,"minecraft:wooden_pickaxe":1,"minecraft:spruce_door":3,"minecraft:furnace":1,"minecraft:stone_axe":2,"minecraft:air":0,"minecraft:stick":16,"minecraft:stone_pickaxe":1,"minecraft:stone_sword":1}},"DataVersion":3120}