{"stats":{"minecraft:picked_up":{"minecraft:sand":1,"minecraft:spruce_sapling":1,"minecraft:carrot":1,"minecraft:spruce_log":19,"minecraft:dirt":18,"minecraft:raw_copper":7,"minecraft:bone":6,"minecraft:arrow":2,"minecraft:rotten_flesh":4,"graveyard:corruption":3,"minecraft:coal":15,"minecraft:cobblestone":51},"minecraft:mined":{"minecraft:large_fern":1,"minecraft:spruce_log":20,"minecraft:grass_block":2,"minecraft:coal_ore":16,"minecraft:sand":6,"minecraft:dirt":10,"minecraft:copper_ore":3,"minecraft:spruce_leaves":2,"minecraft:stone":50},"minecraft:used":{"minecraft:stone_pickaxe":64,"minecraft:wooden_pickaxe":24,"minecraft:rotten_flesh":2,"minecraft:stone_axe":33,"minecraft:dirt":4,"minecraft:crafting_table":1},"minecraft:dropped":{"minecraft:carrot":1,"graveyard:corruption":3},"minecraft:killed":{"minecraft:skeleton":2,"minecraft:zombie":1,"graveyard:nightmare":1},"minecraft:custom":{"minecraft:time_since_rest":12950,"minecraft:sprint_one_cm":39475,"minecraft:damage_taken":244,"minecraft:walk_one_cm":52271,"minecraft:mob_kills":4,"minecraft:drop":4,"minecraft:damage_dealt":1145,"minecraft:swim_one_cm":693,"minecraft:interact_with_crafting_table":3,"minecraft:fly_one_cm":19878,"minecraft:open_chest":3,"minecraft:crouch_one_cm":472,"minecraft:play_time":12950,"minecraft:sneak_time":285,"minecraft:walk_under_water_one_cm":388,"minecraft:jump":203,"minecraft:leave_game":1,"minecraft:walk_on_water_one_cm":374,"minecraft:time_since_death":12950,"minecraft:total_world_time":12950,"minecraft:fall_one_cm":3947},"minecraft:crafted":{"minecraft:crafting_table":1,"minecraft:spruce_planks":20,"minecraft:stick":8,"minecraft:wooden_pickaxe":1,"minecraft:stone_pickaxe":1,"minecraft:stone_axe":1}},"DataVersion":3120}