{"stats":{"minecraft:picked_up":{"minecraft:crafting_table":2,"minecraft:chainmail_boots":3,"minecraft:salmon":3,"minecraft:smooth_sandstone_stairs":2,"minecraft:shield":1,"minecraft:gunpowder":1,"minecraft:dirt":36,"minecraft:raw_copper":7,"minecraft:iron_axe":1,"minecraft:smooth_sandstone":36,"minecraft:bone":10,"graveyard:corruption":4,"minecraft:kelp":173,"minecraft:cobbled_deepslate":14,"minecraft:spruce_wood":4,"minecraft:sugar_cane":8,"minecraft:furnace":1,"minecraft:sandstone":14,"minecraft:cooked_porkchop":3,"minecraft:pumpkin":13,"minecraft:birch_trapdoor":1,"sophisticatedbackpacks:backpack":1,"minecraft:sand":1,"minecraft:spruce_sapling":1,"minecraft:ink_sac":7,"minecraft:spruce_log":27,"minecraft:carrot":1,"minecraft:spruce_door":1,"minecraft:dark_oak_planks":2,"minecraft:stone_sword":1,"minecraft:arrow":9,"minecraft:rotten_flesh":7,"minecraft:stone_axe":1,"minecraft:soul_lantern":1,"minecraft:iron_helmet":1,"minecraft:coal":61,"minecraft:cod":2,"minecraft:cobblestone":52},"minecraft:mined":{"minecraft:dark_oak_planks":2,"minecraft:gray_terracotta":1,"minecraft:kelp_plant":21,"minecraft:soul_lantern":1,"minecraft:spruce_door":1,"minecraft:smooth_sandstone":36,"minecraft:crafting_table":2,"minecraft:grass_block":16,"minecraft:copper_ore":3,"minecraft:spruce_leaves":4,"minecraft:sugar_cane":3,"minecraft:kelp":7,"minecraft:sandstone":15,"minecraft:spawner":2,"minecraft:large_fern":1,"minecraft:seagrass":2,"minecraft:tall_seagrass":6,"minecraft:furnace":1,"minecraft:birch_trapdoor":1,"minecraft:spruce_log":28,"minecraft:pumpkin":13,"minecraft:grass":1,"minecraft:coal_ore":43,"minecraft:sand":6,"minecraft:dirt":15,"minecraft:spruce_wood":2,"minecraft:stone":51,"minecraft:deepslate":14,"minecraft:fern":1},"minecraft:used":{"minecraft:stone_sword":47,"minecraft:spruce_door":2,"minecraft:stone_pickaxe":167,"minecraft:dried_kelp":50,"minecraft:shield":18,"minecraft:spruce_planks":1,"minecraft:wooden_pickaxe":24,"minecraft:sandstone":4,"minecraft:rotten_flesh":4,"minecraft:dirt":4,"minecraft:crafting_table":5,"minecraft:spruce_log":1,"minecraft:stone_axe":114,"minecraft:cooked_porkchop":3,"minecraft:furnace":3,"minecraft:cooked_cod":1},"minecraft:broken":{"minecraft:stone_pickaxe":1},"minecraft:dropped":{"minecraft:carrot":1,"graveyard:corruption":3,"minecraft:cooked_cod":1,"minecraft:chainmail_boots":2,"minecraft:dried_kelp":14,"minecraft:iron_axe":1},"minecraft:killed":{"graveyard:nightmare":1,"minecraft:salmon":3,"minecraft:cod":2,"minecraft:skeleton":5,"minecraft:zombie":1,"minecraft:drowned":3},"minecraft:killed_by":{"minecraft:creeper":1,"alexsmobs:cachalot_whale":1},"minecraft:custom":{"minecraft:interact_with_furnace":23,"minecraft:mob_kills":13,"minecraft:interact_with_crafting_table":12,"minecraft:leave_game":1,"minecraft:time_since_death":7740,"minecraft:time_since_rest":7770,"minecraft:sprint_one_cm":137342,"minecraft:damage_taken":2186,"minecraft:walk_one_cm":175494,"minecraft:damage_blocked_by_shield":770,"minecraft:drop":22,"minecraft:damage_dealt":4404,"minecraft:swim_one_cm":186010,"minecraft:fly_one_cm":84806,"minecraft:open_chest":12,"minecraft:crouch_one_cm":5442,"minecraft:play_time":60950,"minecraft:deaths":4,"minecraft:sneak_time":4704,"minecraft:walk_under_water_one_cm":45640,"minecraft:jump":1599,"minecraft:walk_on_water_one_cm":23852,"minecraft:total_world_time":60950,"minecraft:fall_one_cm":11539},"minecraft:crafted":{"minecraft:cooked_cod":2,"minecraft:crafting_table":3,"minecraft:spruce_planks":104,"minecraft:dried_kelp":64,"minecraft:wooden_pickaxe":1,"minecraft:spruce_door":3,"minecraft:furnace":2,"minecraft:stone_axe":2,"minecraft:air":0,"minecraft:stick":16,"minecraft:stone_pickaxe":2,"minecraft:stone_sword":1}},"DataVersion":3120}