{"stats":{"minecraft:picked_up":{"minecraft:crafting_table":2,"minecraft:feather":2,"minecraft:chainmail_boots":3,"minecraft:chicken":6,"minecraft:salmon":3,"minecraft:gold_block":1,"minecraft:enchanted_book":1,"simplyswords:iron_claymore":2,"minecraft:smooth_sandstone_stairs":2,"minecraft:shield":2,"minecraft:gunpowder":1,"minecraft:string":11,"minecraft:dirt":36,"minecraft:paper":2,"minecraft:raw_copper":7,"minecraft:iron_axe":1,"minecraft:iron_shovel":1,"minecraft:smooth_sandstone":44,"minecraft:bone":16,"graveyard:corruption":4,"minecraft:kelp":173,"minecraft:cobbled_deepslate":14,"minecraft:spruce_wood":4,"minecraft:iron_ingot":23,"minecraft:player_head":1,"minecraft:chest":1,"minecraft:sugar_cane":8,"minecraft:iron_sword":2,"jet_and_elias_armors:the_dames_armor_chestplate":1,"minecraft:furnace":1,"minecraft:book":3,"minecraft:sandstone":14,"minecraft:cooked_porkchop":3,"minecraft:pumpkin":13,"minecraft:birch_trapdoor":1,"sophisticatedbackpacks:backpack":1,"minecraft:sand":1,"minecraft:spruce_sapling":2,"minecraft:ink_sac":13,"minecraft:spruce_log":27,"minecraft:carrot":1,"minecraft:spider_eye":4,"minecraft:spruce_door":1,"minecraft:dark_oak_planks":6,"minecraft:stone_sword":1,"minecraft:arrow":16,"minecraft:rotten_flesh":16,"minecraft:stone_axe":1,"minecraft:soul_lantern":1,"minecraft:iron_helmet":1,"minecraft:iron_bars":2,"minecraft:coal":61,"minecraft:cod":2,"minecraft:cobblestone":52},"minecraft:mined":{"minecraft:dark_oak_planks":4,"minecraft:gray_terracotta":1,"minecraft:kelp_plant":21,"minecraft:soul_lantern":1,"minecraft:spruce_door":1,"minecraft:smooth_sandstone":36,"minecraft:crafting_table":2,"minecraft:grass_block":16,"minecraft:chest":1,"minecraft:copper_ore":3,"minecraft:spruce_leaves":4,"minecraft:sugar_cane":3,"minecraft:kelp":7,"minecraft:sandstone":15,"minecraft:spawner":7,"minecraft:large_fern":1,"minecraft:seagrass":2,"minecraft:tall_seagrass":6,"minecraft:furnace":1,"minecraft:birch_trapdoor":1,"minecraft:spruce_log":28,"minecraft:pumpkin":13,"minecraft:gold_block":1,"minecraft:grass":1,"minecraft:iron_bars":2,"minecraft:coal_ore":43,"minecraft:sand":6,"minecraft:dirt":15,"minecraft:spruce_wood":2,"minecraft:stone":51,"minecraft:player_head":1,"minecraft:deepslate":14,"minecraft:fern":1},"minecraft:used":{"simplyswords:iron_claymore":38,"minecraft:stone_sword":53,"minecraft:spruce_door":2,"minecraft:stone_pickaxe":171,"minecraft:dried_kelp":56,"minecraft:shield":43,"minecraft:spruce_planks":14,"minecraft:wooden_pickaxe":24,"minecraft:sandstone":4,"minecraft:rotten_flesh":4,"easy_emerald:emerald_sword":70,"minecraft:dirt":4,"minecraft:crafting_table":5,"minecraft:spruce_log":1,"minecraft:dark_oak_planks":1,"minecraft:iron_pickaxe":5,"minecraft:stone_axe":128,"simplyswords:iron_scythe":11,"minecraft:dark_oak_boat":1,"minecraft:cooked_porkchop":9,"minecraft:furnace":3,"minecraft:cooked_cod":1},"minecraft:broken":{"minecraft:stone_pickaxe":1},"minecraft:dropped":{"minecraft:iron_ingot":95,"alexsmobs:animal_dictionary":1,"minecraft:player_head":1,"jet_and_elias_armors:the_dames_armor_chestplate":1,"minecraft:stone_sword":1,"minecraft:cobbled_deepslate":3,"minecraft:chicken":3,"minecraft:rotten_flesh":9,"minecraft:carrot":1,"graveyard:corruption":3,"minecraft:ink_sac":4,"minecraft:cooked_cod":1,"minecraft:chainmail_boots":2,"minecraft:iron_bars":2,"minecraft:dried_kelp":14,"minecraft:iron_axe":1,"minecraft:spruce_sapling":1},"minecraft:killed":{"graveyard:nightmare":1,"minecraft:salmon":3,"graveyard:revenant":1,"alexsmobs:seal":1,"minecraft:spider":11,"minecraft:cod":2,"minecraft:creeper":1,"minecraft:skeleton":10,"minecraft:zombie":8,"minecraft:drowned":3,"structuresadventures:chicken_warrior":3},"minecraft:killed_by":{"minecraft:skeleton":2,"minecraft:creeper":1,"minecraft:zombie":1,"alexsmobs:cachalot_whale":1},"minecraft:custom":{"minecraft:interact_with_furnace":29,"minecraft:mob_kills":43,"minecraft:interact_with_crafting_table":23,"minecraft:leave_game":1,"minecraft:time_since_death":24235,"minecraft:sleep_in_bed":2,"minecraft:time_since_rest":7956,"minecraft:sprint_one_cm":305484,"minecraft:damage_taken":3958,"minecraft:walk_one_cm":270127,"minecraft:damage_blocked_by_shield":1890,"minecraft:drop":37,"minecraft:damage_dealt":11938,"minecraft:swim_one_cm":322062,"minecraft:player_kills":2,"minecraft:fly_one_cm":221876,"minecraft:open_chest":40,"minecraft:crouch_one_cm":9377,"minecraft:play_time":108950,"minecraft:deaths":8,"minecraft:sneak_time":6485,"minecraft:walk_under_water_one_cm":53493,"minecraft:boat_one_cm":80103,"minecraft:jump":2339,"minecraft:walk_on_water_one_cm":39351,"minecraft:total_world_time":108950,"minecraft:fall_one_cm":33057},"minecraft:crafted":{"minecraft:cooked_cod":2,"minecraft:cooked_porkchop":10,"minecraft:dark_oak_boat":1,"minecraft:crafting_table":3,"minecraft:spruce_planks":120,"minecraft:dried_kelp":101,"minecraft:wooden_pickaxe":1,"minecraft:spruce_door":3,"minecraft:furnace":2,"minecraft:stone_axe":2,"minecraft:air":0,"simplyswords:iron_scythe":1,"easy_emerald:emerald_sword":1,"minecraft:iron_axe":1,"minecraft:stick":32,"minecraft:iron_pickaxe":1,"minecraft:stone_pickaxe":2,"minecraft:stone_sword":1}},"DataVersion":3120}