{"stats":{"minecraft:picked_up":{"minecraft:crafting_table":2,"minecraft:chainmail_boots":1,"minecraft:salmon":3,"minecraft:gunpowder":1,"minecraft:dirt":36,"minecraft:raw_copper":7,"minecraft:iron_axe":1,"minecraft:smooth_sandstone":2,"minecraft:bone":9,"graveyard:corruption":4,"minecraft:kelp":173,"minecraft:cobbled_deepslate":14,"minecraft:sugar_cane":8,"minecraft:furnace":1,"minecraft:sandstone":14,"minecraft:cooked_porkchop":3,"minecraft:pumpkin":13,"minecraft:sand":1,"minecraft:spruce_sapling":1,"minecraft:ink_sac":4,"minecraft:spruce_log":27,"minecraft:carrot":1,"minecraft:spruce_door":1,"minecraft:stone_sword":1,"minecraft:arrow":4,"minecraft:rotten_flesh":7,"minecraft:stone_axe":1,"minecraft:coal":61,"minecraft:cod":2,"minecraft:cobblestone":52},"minecraft:mined":{"minecraft:gray_terracotta":1,"minecraft:kelp_plant":21,"minecraft:spruce_door":1,"minecraft:smooth_sandstone":2,"minecraft:crafting_table":2,"minecraft:grass_block":16,"minecraft:copper_ore":3,"minecraft:spruce_leaves":4,"minecraft:sugar_cane":3,"minecraft:kelp":7,"minecraft:sandstone":15,"minecraft:spawner":1,"minecraft:large_fern":1,"minecraft:seagrass":2,"minecraft:tall_seagrass":6,"minecraft:furnace":1,"minecraft:spruce_log":28,"minecraft:pumpkin":13,"minecraft:grass":1,"minecraft:coal_ore":43,"minecraft:sand":6,"minecraft:dirt":15,"minecraft:stone":51,"minecraft:deepslate":14,"minecraft:fern":1},"minecraft:used":{"minecraft:stone_sword":20,"minecraft:spruce_door":2,"minecraft:stone_pickaxe":131,"minecraft:dried_kelp":39,"minecraft:wooden_pickaxe":24,"minecraft:sandstone":4,"minecraft:rotten_flesh":4,"minecraft:dirt":4,"minecraft:crafting_table":5,"minecraft:spruce_log":1,"minecraft:stone_axe":109,"minecraft:cooked_porkchop":3,"minecraft:furnace":2,"minecraft:cooked_cod":1},"minecraft:broken":{"minecraft:stone_pickaxe":1},"minecraft:dropped":{"minecraft:carrot":1,"graveyard:corruption":3,"minecraft:cooked_cod":1,"minecraft:dried_kelp":14,"minecraft:iron_axe":1},"minecraft:killed":{"graveyard:nightmare":1,"minecraft:salmon":3,"minecraft:cod":2,"minecraft:skeleton":3,"minecraft:zombie":1,"minecraft:drowned":2},"minecraft:killed_by":{"alexsmobs:cachalot_whale":1},"minecraft:custom":{"minecraft:interact_with_furnace":16,"minecraft:mob_kills":11,"minecraft:interact_with_crafting_table":11,"minecraft:leave_game":1,"minecraft:time_since_death":15974,"minecraft:time_since_rest":16001,"minecraft:sprint_one_cm":95117,"minecraft:damage_taken":1910,"minecraft:walk_one_cm":144902,"minecraft:drop":20,"minecraft:damage_dealt":3301,"minecraft:swim_one_cm":153285,"minecraft:fly_one_cm":56965,"minecraft:open_chest":10,"minecraft:crouch_one_cm":3293,"minecraft:play_time":48950,"minecraft:deaths":3,"minecraft:sneak_time":3854,"minecraft:walk_under_water_one_cm":45432,"minecraft:jump":1027,"minecraft:walk_on_water_one_cm":22862,"minecraft:total_world_time":48950,"minecraft:fall_one_cm":9538},"minecraft:crafted":{"minecraft:cooked_cod":2,"minecraft:crafting_table":3,"minecraft:spruce_planks":104,"minecraft:dried_kelp":53,"minecraft:wooden_pickaxe":1,"minecraft:spruce_door":3,"minecraft:furnace":1,"minecraft:stone_axe":2,"minecraft:air":0,"minecraft:stick":16,"minecraft:stone_pickaxe":2,"minecraft:stone_sword":1}},"DataVersion":3120}