{"stats":{"minecraft:picked_up":{"minecraft:crafting_table":1,"minecraft:cooked_porkchop":3,"minecraft:salmon":3,"minecraft:sand":1,"minecraft:ink_sac":4,"minecraft:spruce_sapling":1,"minecraft:carrot":1,"minecraft:spruce_log":27,"minecraft:spruce_door":1,"minecraft:dirt":31,"minecraft:raw_copper":7,"minecraft:bone":6,"minecraft:arrow":2,"minecraft:rotten_flesh":4,"graveyard:corruption":3,"minecraft:kelp":111,"minecraft:cod":2,"minecraft:coal":42,"minecraft:cobblestone":52},"minecraft:mined":{"minecraft:large_fern":1,"minecraft:seagrass":2,"minecraft:tall_seagrass":6,"minecraft:kelp_plant":21,"minecraft:spruce_log":28,"minecraft:spruce_door":1,"minecraft:crafting_table":1,"minecraft:grass_block":15,"minecraft:coal_ore":43,"minecraft:sand":6,"minecraft:dirt":11,"minecraft:copper_ore":3,"minecraft:spruce_leaves":3,"minecraft:stone":51,"minecraft:kelp":7},"minecraft:used":{"minecraft:spruce_door":1,"minecraft:stone_pickaxe":92,"minecraft:dried_kelp":2,"minecraft:wooden_pickaxe":24,"minecraft:rotten_flesh":4,"minecraft:stone_axe":85,"minecraft:dirt":4,"minecraft:crafting_table":4,"minecraft:furnace":1,"minecraft:cooked_porkchop":3,"minecraft:spruce_log":1},"minecraft:dropped":{"minecraft:carrot":1,"graveyard:corruption":3},"minecraft:killed":{"minecraft:skeleton":2,"minecraft:zombie":1,"graveyard:nightmare":1,"minecraft:salmon":3,"minecraft:cod":2},"minecraft:custom":{"minecraft:time_since_rest":24950,"minecraft:interact_with_furnace":3,"minecraft:sprint_one_cm":49706,"minecraft:damage_taken":427,"minecraft:walk_one_cm":86615,"minecraft:mob_kills":9,"minecraft:drop":4,"minecraft:damage_dealt":1405,"minecraft:swim_one_cm":73429,"minecraft:interact_with_crafting_table":9,"minecraft:fly_one_cm":25704,"minecraft:open_chest":5,"minecraft:crouch_one_cm":1139,"minecraft:play_time":24950,"minecraft:sneak_time":1450,"minecraft:walk_under_water_one_cm":15884,"minecraft:jump":544,"minecraft:leave_game":1,"minecraft:walk_on_water_one_cm":5360,"minecraft:time_since_death":24950,"minecraft:total_world_time":24950,"minecraft:fall_one_cm":4783},"minecraft:crafted":{"minecraft:crafting_table":3,"minecraft:spruce_planks":104,"minecraft:stick":16,"minecraft:dried_kelp":2,"minecraft:wooden_pickaxe":1,"minecraft:stone_pickaxe":1,"minecraft:stone_sword":1,"minecraft:spruce_door":3,"minecraft:furnace":1,"minecraft:stone_axe":2,"minecraft:air":0}},"DataVersion":3120}