{"stats":{"minecraft:picked_up":{"minecraft:spruce_log":5},"minecraft:mined":{"minecraft:spruce_leaves":1,"minecraft:spruce_log":6},"minecraft:custom":{"minecraft:jump":8,"minecraft:time_since_rest":951,"minecraft:crouch_one_cm":39,"minecraft:damage_dealt":10,"minecraft:sprint_one_cm":1267,"minecraft:play_time":951,"minecraft:damage_taken":20,"minecraft:time_since_death":951,"minecraft:walk_one_cm":2326,"minecraft:sneak_time":34,"minecraft:total_world_time":951,"minecraft:fall_one_cm":822,"minecraft:fly_one_cm":618}},"DataVersion":3120}