{"stats":{"minecraft:picked_up":{"minecraft:crafting_table":2,"minecraft:chainmail_boots":3,"minecraft:chicken":6,"minecraft:gold_block":1,"minecraft:enchanted_book":1,"minecraft:brewing_stand":1,"minecraft:shield":3,"minecraft:string":12,"minecraft:iron_axe":1,"minecraft:raw_copper":7,"minecraft:iron_shovel":1,"graveyard:corruption":4,"minecraft:cracked_stone_bricks":1,"minecraft:cobbled_deepslate":14,"minecraft:player_head":1,"minecraft:sugar_cane":8,"minecraft:chest":1,"minecraft:furnace":1,"minecraft:sandstone":14,"minecraft:birch_trapdoor":1,"sophisticatedbackpacks:backpack":1,"minecraft:carrot":1,"minecraft:dark_oak_planks":6,"minecraft:stone_sword":1,"minecraft:arrow":18,"minecraft:rotten_flesh":16,"minecraft:iron_bars":4,"minecraft:cod":2,"minecraft:cobblestone":53,"minecraft:feather":2,"minecraft:cooked_beef":1,"minecraft:salmon":3,"simplyswords:iron_claymore":2,"minecraft:smooth_sandstone_stairs":2,"minecraft:oak_log":3,"minecraft:gunpowder":1,"minecraft:dirt":36,"minecraft:paper":2,"minecraft:smooth_sandstone":44,"minecraft:bone":17,"minecraft:kelp":173,"minecraft:bow":1,"minecraft:spruce_wood":4,"minecraft:iron_ingot":23,"minecraft:iron_sword":3,"jet_and_elias_armors:the_dames_armor_chestplate":1,"minecraft:book":3,"minecraft:cooked_porkchop":3,"minecraft:pumpkin":13,"minecraft:chiseled_stone_bricks":1,"minecraft:sand":1,"minecraft:spruce_sapling":2,"minecraft:ink_sac":13,"minecraft:spruce_log":27,"minecraft:spruce_door":1,"minecraft:spider_eye":5,"minecraft:stone_axe":1,"minecraft:soul_lantern":1,"minecraft:iron_helmet":1,"minecraft:coal":61},"minecraft:mined":{"minecraft:dark_oak_planks":4,"minecraft:brewing_stand":1,"minecraft:grass_block":16,"minecraft:spruce_leaves":4,"minecraft:kelp":7,"minecraft:sandstone":15,"minecraft:chiseled_stone_bricks":1,"minecraft:spawner":8,"minecraft:large_fern":1,"minecraft:tall_seagrass":6,"minecraft:furnace":1,"minecraft:pumpkin":13,"minecraft:gold_block":1,"minecraft:iron_bars":4,"minecraft:spruce_wood":2,"minecraft:stone":51,"minecraft:player_head":1,"minecraft:gray_terracotta":1,"minecraft:kelp_plant":21,"minecraft:spruce_door":1,"minecraft:soul_lantern":1,"minecraft:smooth_sandstone":36,"minecraft:crafting_table":2,"minecraft:chest":1,"minecraft:copper_ore":3,"minecraft:cobblestone":2,"minecraft:sugar_cane":3,"minecraft:seagrass":2,"minecraft:birch_trapdoor":1,"minecraft:spruce_log":28,"minecraft:grass":1,"minecraft:oak_log":3,"minecraft:coal_ore":43,"minecraft:dirt":15,"minecraft:sand":6,"minecraft:cracked_stone_bricks":1,"minecraft:deepslate":14,"minecraft:fern":1},"minecraft:broken":{"minecraft:stone_pickaxe":1},"minecraft:used":{"simplyswords:iron_claymore":51,"minecraft:stone_sword":53,"minecraft:dried_kelp":56,"minecraft:chest":2,"minecraft:spruce_planks":18,"minecraft:shield":43,"minecraft:rotten_flesh":4,"easy_emerald:emerald_sword":70,"minecraft:dirt":4,"minecraft:dark_oak_planks":1,"minecraft:iron_axe":3,"simplyswords:iron_scythe":11,"minecraft:dark_oak_boat":1,"minecraft:furnace":3,"minecraft:cooked_cod":1,"minecraft:cooked_beef":2,"minecraft:spruce_door":2,"minecraft:baked_potato":3,"minecraft:stone_pickaxe":171,"minecraft:wooden_pickaxe":24,"minecraft:sandstone":4,"minecraft:crafting_table":5,"minecraft:spruce_log":1,"minecraft:iron_pickaxe":13,"minecraft:stone_axe":128,"minecraft:cooked_porkchop":10},"minecraft:dropped":{"minecraft:iron_ingot":95,"minecraft:iron_sword":2,"minecraft:clock":1,"minecraft:cooked_beef":1,"minecraft:feather":2,"minecraft:spruce_door":2,"graveyard:corruption":3,"minecraft:ink_sac":4,"minecraft:cooked_cod":1,"minecraft:dried_kelp":14,"minecraft:sand":1,"minecraft:iron_axe":1,"minecraft:string":1,"minecraft:smooth_sandstone":44,"minecraft:spruce_sapling":2,"minecraft:player_head":1,"jet_and_elias_armors:the_dames_armor_chestplate":1,"minecraft:stone_sword":1,"alexsmobs:animal_dictionary":1,"minecraft:cobbled_deepslate":3,"minecraft:chicken":3,"minecraft:rotten_flesh":9,"minecraft:carrot":1,"minecraft:chiseled_stone_bricks":1,"minecraft:shield":1,"minecraft:birch_trapdoor":1,"minecraft:azalea_leaves":1,"minecraft:chainmail_boots":2,"minecraft:sandstone":10,"minecraft:iron_bars":4,"minecraft:wooden_pickaxe":1},"minecraft:killed":{"graveyard:nightmare":1,"graveyard:revenant":1,"minecraft:spider":12,"minecraft:cod":2,"minecraft:skeleton":12,"minecraft:drowned":3,"minecraft:salmon":3,"alexsmobs:seal":1,"minecraft:creeper":1,"minecraft:zombie":9,"structuresadventures:chicken_warrior":3},"minecraft:killed_by":{"minecraft:creeper":1,"alexsmobs:cachalot_whale":1,"minecraft:skeleton":2,"minecraft:zombie":1},"minecraft:custom":{"minecraft:mob_kills":48,"minecraft:interact_with_crafting_table":26,"minecraft:leave_game":1,"minecraft:time_since_death":36235,"minecraft:sprint_one_cm":367934,"minecraft:walk_one_cm":303621,"minecraft:damage_blocked_by_shield":1890,"minecraft:drop":54,"minecraft:play_time":120950,"minecraft:deaths":8,"minecraft:sneak_time":6947,"minecraft:walk_under_water_one_cm":57449,"minecraft:boat_one_cm":80103,"minecraft:jump":2529,"minecraft:interact_with_brewingstand":1,"minecraft:walk_on_water_one_cm":43223,"minecraft:total_world_time":120950,"minecraft:interact_with_furnace":29,"minecraft:sleep_in_bed":2,"minecraft:time_since_rest":19956,"minecraft:damage_taken":4250,"minecraft:damage_dealt":12746,"minecraft:fly_one_cm":238095,"minecraft:swim_one_cm":323394,"minecraft:player_kills":2,"minecraft:open_chest":47,"minecraft:crouch_one_cm":10889,"minecraft:fall_one_cm":34924},"minecraft:crafted":{"minecraft:oak_planks":12,"minecraft:dark_oak_boat":1,"minecraft:furnace":2,"easy_emerald:emerald_sword":1,"minecraft:iron_axe":1,"minecraft:stone_pickaxe":2,"minecraft:chest":1,"minecraft:cooked_cod":2,"minecraft:cooked_porkchop":10,"minecraft:crafting_table":3,"minecraft:spruce_planks":120,"minecraft:dried_kelp":101,"minecraft:wooden_pickaxe":1,"minecraft:spruce_door":3,"minecraft:stone_axe":2,"minecraft:air":0,"simplyswords:iron_scythe":1,"minecraft:stick":32,"minecraft:iron_pickaxe":1,"minecraft:stone_sword":1}},"DataVersion":3120}