{"stats":{"minecraft:used":{"minecraft:spruce_boat":2,"simplyswords:iron_claymore":14,"minecraft:iron_axe":126,"minecraft:chest":9,"minecraft:spruce_sapling":4,"minecraft:sugar_cane":12,"minecraft:cooked_chicken":2,"minecraft:dirt":5,"minecraft:carrot":6,"minecraft:spruce_fence":25},"minecraft:custom":{"minecraft:time_since_rest":7704,"minecraft:interact_with_furnace":3,"minecraft:sprint_one_cm":41623,"minecraft:damage_taken":171,"minecraft:walk_one_cm":104685,"minecraft:interact_with_anvil":1,"minecraft:mob_kills":5,"minecraft:drop":7,"minecraft:animals_bred":5,"minecraft:damage_dealt":830,"minecraft:swim_one_cm":22209,"minecraft:interact_with_crafting_table":8,"minecraft:talked_to_villager":2,"minecraft:fly_one_cm":17855,"minecraft:open_chest":54,"minecraft:crouch_one_cm":1698,"minecraft:play_time":40185,"minecraft:sneak_time":1092,"minecraft:walk_under_water_one_cm":11449,"minecraft:boat_one_cm":81557,"minecraft:jump":227,"minecraft:time_since_death":40185,"minecraft:walk_on_water_one_cm":2694,"minecraft:sleep_in_bed":3,"minecraft:total_world_time":40185,"minecraft:fall_one_cm":2541},"minecraft:crafted":{"minecraft:stick":44,"minecraft:spruce_planks":268,"minecraft:cooked_chicken":3,"minecraft:chest":8,"minecraft:spruce_boat":2,"minecraft:spruce_fence":60,"minecraft:air":0},"minecraft:picked_up":{"minecraft:lead":2,"minecraft:spruce_fence":8,"simplyswords:iron_claymore":1,"minecraft:spruce_sapling":4,"minecraft:spruce_log":100,"minecraft:carrot":2,"minecraft:dirt":5,"minecraft:rotten_flesh":4,"minecraft:arrow":1,"minecraft:bone":2,"graveyard:corruption":1,"minecraft:spruce_boat":1,"minecraft:cooked_chicken":2,"minecraft:sugar_cane":12,"minecraft:chest":1},"minecraft:killed":{"minecraft:skeleton":1,"minecraft:trader_llama":2,"minecraft:zombie":1,"graveyard:revenant":1},"minecraft:mined":{"minecraft:spruce_log":106,"minecraft:grass_block":2,"minecraft:spruce_fence":9,"minecraft:chest":1,"minecraft:dirt":3,"minecraft:spruce_leaves":34,"minecraft:sugar_cane":12,"minecraft:fern":1},"minecraft:dropped":{"minecraft:spruce_boat":1,"minecraft:cooked_chicken":3,"minecraft:arrow":1,"minecraft:carrot":2}},"DataVersion":3120}