{"stats":{"minecraft:used":{"simplyswords:iron_claymore":13,"minecraft:iron_axe":98,"minecraft:chest":9,"minecraft:spruce_sapling":3,"minecraft:sugar_cane":12,"minecraft:dirt":2,"minecraft:carrot":6,"minecraft:spruce_fence":16},"minecraft:custom":{"minecraft:time_since_rest":14680,"minecraft:interact_with_furnace":3,"minecraft:sprint_one_cm":35154,"minecraft:damage_taken":120,"minecraft:walk_one_cm":83820,"minecraft:interact_with_anvil":1,"minecraft:mob_kills":4,"minecraft:drop":7,"minecraft:animals_bred":5,"minecraft:damage_dealt":780,"minecraft:interact_with_crafting_table":8,"minecraft:talked_to_villager":2,"minecraft:fly_one_cm":15272,"minecraft:open_chest":45,"minecraft:crouch_one_cm":1542,"minecraft:play_time":31377,"minecraft:sneak_time":981,"minecraft:walk_under_water_one_cm":235,"minecraft:jump":206,"minecraft:time_since_death":31377,"minecraft:walk_on_water_one_cm":240,"minecraft:sleep_in_bed":1,"minecraft:total_world_time":31377,"minecraft:fall_one_cm":2541},"minecraft:crafted":{"minecraft:stick":44,"minecraft:spruce_planks":268,"minecraft:cooked_chicken":3,"minecraft:chest":8,"minecraft:spruce_boat":2,"minecraft:spruce_fence":60,"minecraft:air":0},"minecraft:picked_up":{"minecraft:lead":2,"minecraft:spruce_fence":1,"simplyswords:iron_claymore":1,"minecraft:spruce_sapling":3,"minecraft:spruce_log":79,"minecraft:carrot":2,"minecraft:dirt":3,"minecraft:arrow":1,"minecraft:bone":2,"graveyard:corruption":1,"minecraft:cooked_chicken":2,"minecraft:sugar_cane":12,"minecraft:chest":1},"minecraft:killed":{"minecraft:skeleton":1,"minecraft:trader_llama":2,"graveyard:revenant":1},"minecraft:mined":{"minecraft:spruce_log":85,"minecraft:grass_block":2,"minecraft:spruce_fence":2,"minecraft:chest":1,"minecraft:dirt":1,"minecraft:spruce_leaves":23,"minecraft:sugar_cane":12,"minecraft:fern":1},"minecraft:dropped":{"minecraft:spruce_boat":1,"minecraft:cooked_chicken":3,"minecraft:arrow":1,"minecraft:carrot":2}},"DataVersion":3120}