{"stats":{"minecraft:used":{"simplyswords:iron_claymore":4,"minecraft:iron_axe":33,"minecraft:carrot":2,"minecraft:chest":9,"minecraft:spruce_sapling":1},"minecraft:custom":{"minecraft:time_since_rest":7377,"minecraft:open_chest":29,"minecraft:crouch_one_cm":498,"minecraft:play_time":7377,"minecraft:sprint_one_cm":7433,"minecraft:damage_taken":90,"minecraft:walk_one_cm":21749,"minecraft:sneak_time":332,"minecraft:mob_kills":1,"minecraft:drop":1,"minecraft:jump":54,"minecraft:damage_dealt":200,"minecraft:time_since_death":7377,"minecraft:total_world_time":7377,"minecraft:interact_with_crafting_table":3,"minecraft:fall_one_cm":962,"minecraft:fly_one_cm":2043},"minecraft:crafted":{"minecraft:chest":8,"minecraft:spruce_planks":108},"minecraft:picked_up":{"minecraft:bone":2,"minecraft:arrow":1,"simplyswords:iron_claymore":1,"minecraft:spruce_sapling":1,"minecraft:spruce_log":27,"minecraft:chest":1},"minecraft:killed":{"minecraft:skeleton":1},"minecraft:mined":{"minecraft:chest":1,"minecraft:spruce_leaves":10,"minecraft:spruce_log":28,"minecraft:fern":1},"minecraft:dropped":{"minecraft:arrow":1}},"DataVersion":3120}