{"stats":{"minecraft:used":{"simplyswords:iron_claymore":13,"minecraft:iron_axe":97,"minecraft:chest":9,"minecraft:spruce_sapling":3,"minecraft:sugar_cane":12,"minecraft:carrot":6,"minecraft:spruce_fence":1},"minecraft:custom":{"minecraft:time_since_rest":2680,"minecraft:interact_with_furnace":3,"minecraft:sprint_one_cm":30893,"minecraft:damage_taken":110,"minecraft:walk_one_cm":65007,"minecraft:interact_with_anvil":1,"minecraft:mob_kills":4,"minecraft:drop":4,"minecraft:animals_bred":5,"minecraft:damage_dealt":780,"minecraft:interact_with_crafting_table":6,"minecraft:talked_to_villager":2,"minecraft:fly_one_cm":11428,"minecraft:open_chest":39,"minecraft:crouch_one_cm":1400,"minecraft:play_time":19377,"minecraft:sneak_time":890,"minecraft:walk_under_water_one_cm":235,"minecraft:jump":176,"minecraft:time_since_death":19377,"minecraft:walk_on_water_one_cm":240,"minecraft:sleep_in_bed":1,"minecraft:total_world_time":19377,"minecraft:fall_one_cm":1914},"minecraft:crafted":{"minecraft:stick":4,"minecraft:spruce_planks":120,"minecraft:cooked_chicken":3,"minecraft:chest":8,"minecraft:spruce_boat":2,"minecraft:air":0},"minecraft:picked_up":{"minecraft:lead":2,"minecraft:spruce_fence":1,"simplyswords:iron_claymore":1,"minecraft:spruce_sapling":3,"minecraft:spruce_log":79,"minecraft:carrot":2,"minecraft:arrow":1,"minecraft:bone":2,"graveyard:corruption":1,"minecraft:sugar_cane":12,"minecraft:chest":1},"minecraft:killed":{"minecraft:skeleton":1,"minecraft:trader_llama":2,"graveyard:revenant":1},"minecraft:mined":{"minecraft:spruce_log":85,"minecraft:spruce_fence":1,"minecraft:chest":1,"minecraft:spruce_leaves":23,"minecraft:sugar_cane":12,"minecraft:fern":1},"minecraft:dropped":{"minecraft:spruce_boat":1,"minecraft:arrow":1,"minecraft:carrot":2}},"DataVersion":3120}