{"stats":{"minecraft:picked_up":{"minecraft:stick":1,"minecraft:sandstone":2,"minecraft:cooked_porkchop":12,"minecraft:pumpkin":8,"minecraft:spruce_sapling":1,"minecraft:shield":1,"minecraft:spruce_log":36,"minecraft:dirt":38,"minecraft:arrow":2,"minecraft:rotten_flesh":1,"minecraft:bow":1},"minecraft:mined":{"minecraft:large_fern":1,"minecraft:spruce_log":36,"minecraft:pumpkin":8,"minecraft:grass":1,"minecraft:grass_block":25,"minecraft:dirt":2,"minecraft:spruce_leaves":5,"minecraft:sandstone":4,"minecraft:fern":3},"minecraft:broken":{"minecraft:wooden_axe":1},"minecraft:used":{"minecraft:wooden_axe":51,"minecraft:stone_sword":8,"minecraft:stone_pickaxe":4,"minecraft:sandstone":46,"minecraft:rotten_flesh":1,"minecraft:stone_axe":10,"minecraft:cooked_porkchop":8},"minecraft:killed":{"minecraft:skeleton":1,"minecraft:zombie":1,"minecraft:zombie_villager":1},"minecraft:killed_by":{"minecraft:player":1},"minecraft:custom":{"minecraft:time_since_rest":34291,"minecraft:sprint_one_cm":88488,"minecraft:damage_taken":1066,"minecraft:walk_one_cm":135080,"minecraft:mob_kills":3,"minecraft:damage_dealt":699,"minecraft:swim_one_cm":17871,"minecraft:interact_with_crafting_table":6,"minecraft:fly_one_cm":90618,"minecraft:open_chest":8,"minecraft:crouch_one_cm":2984,"minecraft:play_time":35568,"minecraft:deaths":1,"minecraft:sneak_time":871,"minecraft:walk_under_water_one_cm":9255,"minecraft:jump":568,"minecraft:walk_on_water_one_cm":22339,"minecraft:leave_game":2,"minecraft:time_since_death":34257,"minecraft:total_world_time":35568,"minecraft:fall_one_cm":12561},"minecraft:crafted":{"minecraft:spruce_planks":144,"minecraft:stick":4,"minecraft:stone_pickaxe":1,"minecraft:wooden_axe":1,"minecraft:stone_sword":1,"minecraft:stone_axe":1}},"DataVersion":3120}