{"stats":{"minecraft:picked_up":{"minecraft:stick":1,"minecraft:sandstone":2,"minecraft:cooked_porkchop":20,"minecraft:pumpkin":8,"minecraft:spruce_sapling":1,"minecraft:shield":1,"minecraft:spruce_log":36,"minecraft:spider_eye":1,"minecraft:dirt":38,"minecraft:bone":1,"minecraft:smooth_sandstone":36,"minecraft:arrow":6,"minecraft:apple":24,"minecraft:rotten_flesh":3,"minecraft:slime_ball":2,"minecraft:bow":1,"minecraft:chainmail_leggings":1,"minecraft:polished_basalt":5,"minecraft:stone_pickaxe":1,"minecraft:sugar_cane":3,"jet_and_elias_armors:the_dames_armor_chestplate":1},"minecraft:mined":{"minecraft:large_fern":1,"minecraft:polished_basalt":5,"minecraft:spruce_log":36,"minecraft:pumpkin":8,"minecraft:smooth_sandstone":36,"minecraft:grass":1,"minecraft:grass_block":25,"minecraft:dirt":2,"minecraft:spruce_leaves":5,"minecraft:sugar_cane":2,"minecraft:sandstone":4,"minecraft:fern":3,"minecraft:spawner":1},"minecraft:used":{"minecraft:wooden_axe":51,"minecraft:apple":1,"minecraft:stone_sword":57,"minecraft:stone_pickaxe":47,"minecraft:smooth_sandstone":5,"minecraft:shield":24,"minecraft:sandstone":55,"minecraft:rotten_flesh":1,"minecraft:stone_axe":14,"minecraft:cooked_porkchop":18},"minecraft:broken":{"minecraft:stone_pickaxe":1,"minecraft:wooden_axe":1},"minecraft:dropped":{"minecraft:cooked_porkchop":2},"minecraft:killed":{"minecraft:skeleton":5,"minecraft:zombie":3,"minecraft:zombie_villager":1,"minecraft:spider":1},"minecraft:killed_by":{"minecraft:player":2,"minecraft:zombie":1},"minecraft:custom":{"minecraft:time_since_rest":13117,"minecraft:sprint_one_cm":153296,"minecraft:damage_taken":2656,"minecraft:walk_one_cm":317723,"minecraft:damage_blocked_by_shield":840,"minecraft:mob_kills":7,"minecraft:drop":2,"minecraft:damage_dealt":2638,"minecraft:swim_one_cm":23314,"minecraft:interact_with_crafting_table":6,"minecraft:fly_one_cm":233790,"minecraft:open_chest":13,"minecraft:crouch_one_cm":3432,"minecraft:play_time":71568,"minecraft:deaths":3,"minecraft:sneak_time":1043,"minecraft:walk_under_water_one_cm":10488,"minecraft:jump":1236,"minecraft:walk_on_water_one_cm":25206,"minecraft:leave_game":2,"minecraft:time_since_death":13076,"minecraft:total_world_time":71568,"minecraft:fall_one_cm":24748},"minecraft:crafted":{"minecraft:spruce_planks":144,"minecraft:stick":4,"minecraft:stone_pickaxe":1,"minecraft:wooden_axe":1,"minecraft:stone_sword":1,"minecraft:stone_axe":1}},"DataVersion":3120}