{"stats":{"minecraft:picked_up":{"minecraft:cooked_beef":20,"minecraft:redstone_block":2,"minecraft:redstone_lamp":1,"minecraft:stone_brick_stairs":1,"minecraft:gunpowder":2,"minecraft:shield":2,"minecraft:string":3,"minecraft:dirt":38,"minecraft:paper":5,"minecraft:smooth_sandstone":36,"minecraft:bone":8,"minecraft:apple":37,"minecraft:cracked_stone_bricks":1,"minecraft:bow":1,"minecraft:cobbled_deepslate":2,"minecraft:smooth_stone":1,"minecraft:iron_ingot":95,"minecraft:stone_pickaxe":1,"minecraft:mossy_stone_bricks":1,"minecraft:sugar_cane":3,"minecraft:iron_sword":1,"jet_and_elias_armors:the_dames_armor_chestplate":1,"minecraft:iron_boots":1,"minecraft:tipped_arrow":2,"minecraft:polished_andesite_stairs":1,"minecraft:stick":1,"minecraft:sandstone":2,"minecraft:pumpkin":8,"minecraft:cooked_porkchop":20,"minecraft:gravel":2,"minecraft:spruce_sapling":1,"minecraft:spruce_log":36,"minecraft:spider_eye":1,"minecraft:quartz_block":5,"minecraft:arrow":21,"minecraft:rotten_flesh":9,"minecraft:slime_ball":2,"minecraft:chainmail_leggings":1,"minecraft:polished_basalt":6,"minecraft:coal":4,"minecraft:white_wool":8,"minecraft:cobblestone":4},"minecraft:mined":{"minecraft:redstone_block":2,"minecraft:quartz_block":6,"minecraft:smooth_sandstone":36,"minecraft:grass_block":25,"minecraft:spruce_leaves":5,"minecraft:sugar_cane":2,"minecraft:sandstone":4,"minecraft:spawner":1,"minecraft:large_fern":1,"minecraft:cobbled_deepslate":2,"minecraft:polished_basalt":5,"minecraft:wheat":1,"minecraft:spruce_log":36,"minecraft:birch_leaves":3,"minecraft:pumpkin":8,"minecraft:grass":1,"minecraft:coal_ore":4,"minecraft:dirt":2,"minecraft:cobweb":1,"minecraft:cracked_stone_bricks":1,"minecraft:stone":2,"minecraft:mossy_stone_bricks":1,"minecraft:fern":4},"minecraft:used":{"simplyswords:iron_claymore":50,"minecraft:stone_sword":57,"minecraft:stone_pickaxe":47,"minecraft:polished_basalt":15,"minecraft:shield":50,"minecraft:sandstone":55,"minecraft:redstone_block":1,"minecraft:rotten_flesh":1,"minecraft:wooden_axe":51,"minecraft:apple":16,"minecraft:polished_andesite_stairs":1,"minecraft:iron_pickaxe":19,"minecraft:smooth_sandstone":5,"minecraft:stone_axe":14,"minecraft:cobblestone":4,"minecraft:cooked_porkchop":18,"minecraft:cooked_beef":4,"minecraft:cobbled_deepslate":6},"minecraft:broken":{"minecraft:stone_pickaxe":1,"minecraft:wooden_axe":1},"minecraft:dropped":{"minecraft:cooked_porkchop":2,"minecraft:apple":4,"minecraft:shears":1,"minecraft:spider_eye":1,"minecraft:iron_axe":1,"minecraft:iron_pickaxe":1,"minecraft:white_wool":8,"simplyswords:iron_claymore":2},"minecraft:killed":{"graveyard:ghoul":1,"minecraft:zombie_villager":1,"minecraft:spider":3,"minecraft:creeper":1,"minecraft:skeleton":8,"minecraft:zombie":8,"minecraft:stray":2},"minecraft:killed_by":{"minecraft:player":2,"minecraft:zombie":1},"minecraft:custom":{"minecraft:interact_with_furnace":4,"minecraft:mob_kills":19,"minecraft:interact_with_crafting_table":18,"minecraft:leave_game":2,"minecraft:time_since_death":61076,"minecraft:sleep_in_bed":1,"minecraft:time_since_rest":31956,"minecraft:sprint_one_cm":233745,"minecraft:damage_taken":3208,"minecraft:walk_one_cm":509938,"minecraft:damage_blocked_by_shield":1685,"minecraft:drop":13,"minecraft:damage_dealt":5353,"minecraft:swim_one_cm":26406,"minecraft:fly_one_cm":299433,"minecraft:open_chest":34,"minecraft:crouch_one_cm":5604,"minecraft:play_time":119568,"minecraft:deaths":3,"minecraft:sneak_time":1799,"minecraft:walk_under_water_one_cm":13530,"minecraft:jump":1644,"minecraft:walk_on_water_one_cm":32174,"minecraft:total_world_time":119568,"minecraft:fall_one_cm":33566},"minecraft:crafted":{"minecraft:iron_nugget":18,"simplyswords:iron_claymore":3,"minecraft:spruce_planks":144,"minecraft:stone_axe":1,"minecraft:iron_axe":2,"minecraft:stick":4,"minecraft:iron_pickaxe":2,"minecraft:stone_pickaxe":1,"minecraft:wooden_axe":1,"minecraft:stone_sword":1,"minecraft:shears":2}},"DataVersion":3120}