{"stats":{"minecraft:picked_up":{"minecraft:stick":1,"minecraft:sandstone":2,"minecraft:cooked_porkchop":20,"minecraft:pumpkin":8,"minecraft:spruce_sapling":1,"minecraft:shield":1,"minecraft:spruce_log":36,"minecraft:dirt":38,"minecraft:arrow":2,"minecraft:rotten_flesh":1,"minecraft:slime_ball":2,"minecraft:bow":1,"minecraft:chainmail_leggings":1,"minecraft:polished_basalt":5},"minecraft:mined":{"minecraft:large_fern":1,"minecraft:polished_basalt":5,"minecraft:spruce_log":36,"minecraft:pumpkin":8,"minecraft:grass":1,"minecraft:grass_block":25,"minecraft:dirt":2,"minecraft:spruce_leaves":5,"minecraft:sandstone":4,"minecraft:fern":3,"minecraft:spawner":1},"minecraft:broken":{"minecraft:wooden_axe":1},"minecraft:used":{"minecraft:wooden_axe":51,"minecraft:stone_sword":30,"minecraft:stone_pickaxe":11,"minecraft:shield":12,"minecraft:sandstone":55,"minecraft:rotten_flesh":1,"minecraft:stone_axe":12,"minecraft:cooked_porkchop":12},"minecraft:killed":{"minecraft:skeleton":3,"minecraft:zombie":1,"minecraft:zombie_villager":1,"minecraft:spider":1},"minecraft:killed_by":{"minecraft:player":1},"minecraft:custom":{"minecraft:time_since_rest":46291,"minecraft:sprint_one_cm":110560,"minecraft:damage_taken":1673,"minecraft:walk_one_cm":204394,"minecraft:damage_blocked_by_shield":490,"minecraft:mob_kills":4,"minecraft:damage_dealt":1433,"minecraft:swim_one_cm":17871,"minecraft:interact_with_crafting_table":6,"minecraft:fly_one_cm":130944,"minecraft:open_chest":10,"minecraft:crouch_one_cm":3281,"minecraft:play_time":47568,"minecraft:deaths":1,"minecraft:sneak_time":1017,"minecraft:walk_under_water_one_cm":9255,"minecraft:jump":778,"minecraft:walk_on_water_one_cm":23188,"minecraft:leave_game":2,"minecraft:time_since_death":46257,"minecraft:total_world_time":47568,"minecraft:fall_one_cm":15091},"minecraft:crafted":{"minecraft:spruce_planks":144,"minecraft:stick":4,"minecraft:stone_pickaxe":1,"minecraft:wooden_axe":1,"minecraft:stone_sword":1,"minecraft:stone_axe":1}},"DataVersion":3120}