{"stats":{"minecraft:picked_up":{"minecraft:cooked_beef":20,"minecraft:redstone_block":2,"minecraft:redstone_lamp":1,"minecraft:oak_log":1,"minecraft:flint":1,"minecraft:stone_brick_stairs":1,"minecraft:gunpowder":2,"minecraft:shield":2,"minecraft:music_disc_cat":1,"minecraft:string":16,"minecraft:dirt":38,"minecraft:paper":5,"minecraft:smooth_sandstone":36,"minecraft:bone":8,"minecraft:apple":37,"minecraft:stone_bricks":1,"minecraft:cracked_stone_bricks":1,"minecraft:bow":1,"minecraft:cobbled_deepslate":2,"minecraft:smooth_stone":1,"minecraft:iron_ingot":95,"minecraft:stone_pickaxe":1,"minecraft:mossy_stone_bricks":4,"minecraft:chest":1,"minecraft:sugar_cane":3,"minecraft:iron_sword":1,"jet_and_elias_armors:the_dames_armor_chestplate":1,"minecraft:iron_boots":2,"minecraft:tipped_arrow":2,"minecraft:polished_andesite_stairs":1,"minecraft:stick":1,"minecraft:sandstone":2,"minecraft:pumpkin":8,"minecraft:cooked_porkchop":20,"minecraft:torch":64,"minecraft:gravel":3,"minecraft:spruce_sapling":1,"minecraft:spruce_log":36,"minecraft:mossy_cobblestone":3,"minecraft:spider_eye":2,"minecraft:quartz_block":5,"minecraft:pumpkin_seeds":4,"minecraft:arrow":21,"minecraft:rotten_flesh":13,"minecraft:slime_ball":2,"minecraft:chainmail_leggings":1,"minecraft:polished_basalt":6,"minecraft:iron_bars":2,"minecraft:coal":26,"minecraft:white_wool":8,"minecraft:cobblestone":7},"minecraft:mined":{"minecraft:redstone_block":2,"minecraft:quartz_block":6,"minecraft:mossy_cobblestone":3,"minecraft:smooth_sandstone":36,"minecraft:torch":5,"minecraft:grass_block":25,"minecraft:spruce_leaves":5,"minecraft:sugar_cane":2,"minecraft:sandstone":4,"minecraft:spawner":1,"minecraft:large_fern":1,"minecraft:cobbled_deepslate":2,"minecraft:polished_basalt":5,"minecraft:wheat":1,"minecraft:spruce_log":36,"minecraft:birch_leaves":3,"minecraft:pumpkin":8,"minecraft:oak_log":1,"minecraft:grass":1,"minecraft:iron_bars":2,"minecraft:coal_ore":26,"minecraft:dirt":2,"minecraft:cobweb":1,"minecraft:cracked_stone_bricks":1,"minecraft:stone":5,"minecraft:mossy_stone_bricks":2,"minecraft:fern":4},"minecraft:used":{"minecraft:mossy_stone_bricks":3,"simplyswords:iron_claymore":66,"minecraft:stone_sword":57,"minecraft:stone_pickaxe":47,"minecraft:chest":1,"minecraft:polished_basalt":15,"minecraft:shield":54,"minecraft:sandstone":55,"minecraft:redstone_block":1,"minecraft:rotten_flesh":1,"minecraft:torch":7,"minecraft:mossy_cobblestone":3,"minecraft:crafting_table":1,"minecraft:wooden_axe":51,"minecraft:apple":19,"minecraft:iron_axe":1,"minecraft:polished_andesite_stairs":1,"minecraft:iron_pickaxe":50,"minecraft:smooth_sandstone":5,"minecraft:gravel":1,"minecraft:stone_bricks":1,"minecraft:stone_axe":14,"minecraft:bow":2,"minecraft:cobblestone":6,"minecraft:cooked_porkchop":18,"minecraft:cooked_beef":11,"minecraft:cobbled_deepslate":6},"minecraft:broken":{"minecraft:stone_pickaxe":1,"minecraft:wooden_axe":1},"minecraft:dropped":{"minecraft:iron_ingot":20,"minecraft:sugar_cane":7,"minecraft:cooked_porkchop":2,"minecraft:apple":4,"minecraft:shears":2,"minecraft:redstone_lamp":1,"minecraft:potato":3,"minecraft:gunpowder":2,"minecraft:torch":56,"minecraft:spider_eye":1,"minecraft:iron_axe":1,"minecraft:iron_pickaxe":1,"minecraft:white_wool":8,"simplyswords:iron_claymore":2,"minecraft:redstone_block":1,"minecraft:bone":8},"minecraft:killed":{"graveyard:ghoul":2,"minecraft:zombie_villager":1,"minecraft:spider":6,"minecraft:creeper":1,"minecraft:skeleton":8,"minecraft:zombie":9,"minecraft:stray":3},"minecraft:killed_by":{"minecraft:player":2,"minecraft:zombie":1},"minecraft:custom":{"minecraft:interact_with_furnace":4,"minecraft:mob_kills":25,"minecraft:interact_with_crafting_table":19,"minecraft:leave_game":2,"minecraft:time_since_death":85076,"minecraft:sleep_in_bed":1,"minecraft:time_since_rest":55956,"minecraft:sprint_one_cm":308762,"minecraft:damage_taken":3652,"minecraft:walk_one_cm":584664,"minecraft:damage_blocked_by_shield":1820,"minecraft:drop":22,"minecraft:damage_dealt":6154,"minecraft:swim_one_cm":26406,"minecraft:fly_one_cm":358094,"minecraft:open_chest":51,"minecraft:crouch_one_cm":6968,"minecraft:play_time":143568,"minecraft:deaths":3,"minecraft:sneak_time":2526,"minecraft:walk_under_water_one_cm":13541,"minecraft:jump":2006,"minecraft:walk_on_water_one_cm":32727,"minecraft:total_world_time":143568,"minecraft:fall_one_cm":36417},"minecraft:crafted":{"minecraft:oak_planks":4,"minecraft:crafting_table":1,"minecraft:iron_nugget":18,"simplyswords:iron_claymore":3,"minecraft:spruce_planks":144,"minecraft:stone_axe":1,"minecraft:iron_axe":2,"minecraft:stick":4,"minecraft:iron_pickaxe":2,"minecraft:stone_pickaxe":1,"minecraft:wooden_axe":1,"minecraft:stone_sword":1,"minecraft:torch":112,"minecraft:shears":2}},"DataVersion":3120}