{"stats":{"minecraft:picked_up":{"minecraft:iron_chestplate":1,"minecraft:redstone_block":9,"minecraft:redstone_lamp":1,"minecraft:potion":1,"minecraft:stone_brick_stairs":1,"minecraft:shield":4,"minecraft:music_disc_cat":1,"minecraft:string":23,"minecraft:iron_axe":1,"minecraft:iron_leggings":1,"minecraft:cracked_stone_bricks":5,"minecraft:smooth_stone":1,"minecraft:cobbled_deepslate":2,"minecraft:sugar_cane":3,"minecraft:coal_block":6,"minecraft:chest":1,"minecraft:phantom_membrane":17,"minecraft:iron_boots":2,"minecraft:tipped_arrow":2,"minecraft:stick":1,"minecraft:sandstone":2,"minecraft:torch":77,"minecraft:diorite":1,"minecraft:quartz_block":5,"minecraft:arrow":32,"minecraft:rotten_flesh":24,"minecraft:polished_basalt":6,"minecraft:saddle":1,"minecraft:iron_bars":5,"minecraft:white_wool":8,"minecraft:cobblestone":13,"minecraft:cooked_beef":20,"minecraft:flint":3,"minecraft:oak_log":1,"minecraft:golden_boots":1,"minecraft:gunpowder":17,"minecraft:paper":10,"minecraft:dirt":38,"minecraft:smooth_sandstone":36,"minecraft:bone":32,"minecraft:apple":37,"minecraft:stone_bricks":1,"minecraft:bow":1,"minecraft:iron_ingot":95,"minecraft:stone_pickaxe":1,"minecraft:mossy_stone_bricks":5,"minecraft:glass_bottle":2,"minecraft:iron_sword":1,"minecraft:mossy_stone_brick_stairs":1,"jet_and_elias_armors:the_dames_armor_chestplate":1,"minecraft:polished_andesite_stairs":1,"minecraft:cooked_porkchop":20,"minecraft:pumpkin":8,"minecraft:gravel":3,"minecraft:sand":5,"minecraft:spruce_sapling":1,"minecraft:spruce_log":36,"minecraft:spider_eye":3,"minecraft:mossy_cobblestone":3,"minecraft:pumpkin_seeds":4,"minecraft:slime_ball":2,"minecraft:chainmail_leggings":2,"minecraft:golden_apple":1,"minecraft:mossy_cobblestone_stairs":1,"minecraft:coal":29,"minecraft:ender_pearl":1},"minecraft:mined":{"minecraft:mossy_cobblestone":3,"minecraft:grass_block":25,"minecraft:coal_block":5,"minecraft:spruce_leaves":5,"minecraft:sandstone":4,"minecraft:spawner":4,"minecraft:large_fern":1,"minecraft:polished_basalt":5,"minecraft:cobbled_deepslate":2,"minecraft:pumpkin":8,"minecraft:mossy_stone_brick_stairs":1,"minecraft:vine":10,"minecraft:iron_bars":2,"minecraft:stone":5,"minecraft:redstone_block":9,"minecraft:quartz_block":10,"minecraft:soul_sand":1,"minecraft:smooth_sandstone":36,"minecraft:torch":7,"minecraft:cobblestone":5,"minecraft:sugar_cane":2,"minecraft:diorite":1,"minecraft:wheat":1,"minecraft:spruce_log":36,"minecraft:birch_leaves":3,"minecraft:grass":1,"minecraft:coal_ore":26,"minecraft:oak_log":1,"minecraft:dirt":2,"minecraft:cobweb":2,"minecraft:cracked_stone_bricks":5,"minecraft:mossy_stone_bricks":4,"minecraft:fern":4},"minecraft:broken":{"minecraft:stone_pickaxe":1,"minecraft:wooden_axe":1},"minecraft:used":{"minecraft:iron_bars":2,"minecraft:stone_sword":57,"simplyswords:iron_claymore":198,"minecraft:polished_basalt":15,"minecraft:chest":1,"minecraft:shield":76,"minecraft:rotten_flesh":1,"minecraft:torch":39,"minecraft:mossy_cobblestone_stairs":1,"minecraft:wooden_axe":51,"minecraft:iron_axe":1,"minecraft:smooth_sandstone":5,"minecraft:polished_andesite_stairs":1,"minecraft:stone_bricks":1,"minecraft:bow":2,"minecraft:cooked_beef":20,"minecraft:cobbled_deepslate":6,"minecraft:mossy_stone_bricks":4,"minecraft:diorite":1,"minecraft:stone_pickaxe":47,"minecraft:sandstone":55,"minecraft:redstone_block":1,"minecraft:cracked_stone_bricks":1,"minecraft:mossy_cobblestone":3,"minecraft:crafting_table":1,"minecraft:apple":24,"minecraft:iron_pickaxe":86,"minecraft:gravel":1,"minecraft:stone_axe":14,"minecraft:cobblestone":62,"minecraft:potion":2,"minecraft:cooked_porkchop":18},"minecraft:dropped":{"minecraft:iron_ingot":20,"minecraft:lapis_lazuli":9,"minecraft:glass_bottle":3,"minecraft:cooked_porkchop":2,"minecraft:book":8,"minecraft:apple":4,"minecraft:coal":35,"minecraft:coal_block":6,"minecraft:stick":8,"minecraft:redstone_lamp":1,"minecraft:torch":112,"minecraft:iron_leggings":1,"minecraft:phantom_membrane":17,"minecraft:iron_axe":1,"minecraft:iron_pickaxe":1,"minecraft:string":20,"minecraft:white_wool":8,"minecraft:redstone_block":1,"minecraft:bone":31,"minecraft:sugar_cane":7,"minecraft:shears":2,"minecraft:potato":3,"minecraft:shield":2,"minecraft:gunpowder":18,"minecraft:iron_chestplate":1,"minecraft:spider_eye":1,"simplyswords:iron_claymore":2},"minecraft:killed":{"minecraft:spider":8,"minecraft:skeleton":13,"graveyard:ghoul":2,"minecraft:zombie_villager":1,"minecraft:creeper":1,"minecraft:zombie":11,"minecraft:stray":5,"minecraft:wither_skeleton":14,"minecraft:enderman":3},"minecraft:killed_by":{"minecraft:player":2,"minecraft:zombie":1},"minecraft:custom":{"minecraft:mob_kills":55,"minecraft:interact_with_crafting_table":19,"minecraft:leave_game":2,"minecraft:time_since_death":133076,"minecraft:climb_one_cm":4049,"minecraft:sprint_one_cm":355098,"minecraft:walk_one_cm":800753,"minecraft:damage_blocked_by_shield":2725,"minecraft:drop":39,"minecraft:play_time":191568,"minecraft:deaths":3,"minecraft:sneak_time":4409,"minecraft:walk_under_water_one_cm":15561,"minecraft:jump":2367,"minecraft:walk_on_water_one_cm":36797,"minecraft:total_world_time":191568,"minecraft:interact_with_furnace":4,"minecraft:sleep_in_bed":1,"minecraft:time_since_rest":103956,"minecraft:damage_taken":4685,"minecraft:damage_dealt":11179,"minecraft:fly_one_cm":387671,"minecraft:swim_one_cm":26406,"minecraft:open_chest":69,"minecraft:crouch_one_cm":11622,"minecraft:fall_one_cm":40524},"minecraft:crafted":{"minecraft:oak_planks":4,"minecraft:iron_nugget":18,"minecraft:iron_axe":2,"minecraft:stone_pickaxe":1,"minecraft:crafting_table":1,"simplyswords:iron_claymore":3,"minecraft:spruce_planks":144,"minecraft:stone_axe":1,"minecraft:stick":4,"minecraft:iron_pickaxe":2,"minecraft:wooden_axe":1,"minecraft:stone_sword":1,"minecraft:torch":112,"minecraft:shears":2}},"DataVersion":3120}