{"stats":{"minecraft:picked_up":{"minecraft:stick":1,"minecraft:arrow":2,"minecraft:rotten_flesh":1,"minecraft:bow":1,"minecraft:spruce_sapling":1,"minecraft:spruce_log":36,"minecraft:dirt":27},"minecraft:mined":{"minecraft:large_fern":1,"minecraft:grass_block":25,"minecraft:dirt":2,"minecraft:spruce_leaves":5,"minecraft:spruce_log":36,"minecraft:fern":2},"minecraft:broken":{"minecraft:wooden_axe":1},"minecraft:used":{"minecraft:wooden_axe":51,"minecraft:stone_sword":5,"minecraft:rotten_flesh":1},"minecraft:killed":{"minecraft:skeleton":1,"minecraft:zombie":1,"minecraft:zombie_villager":1},"minecraft:killed_by":{"minecraft:player":1},"minecraft:custom":{"minecraft:open_chest":8,"minecraft:time_since_rest":12536,"minecraft:crouch_one_cm":759,"minecraft:play_time":13813,"minecraft:sprint_one_cm":17232,"minecraft:walk_one_cm":64524,"minecraft:damage_taken":546,"minecraft:deaths":1,"minecraft:sneak_time":220,"minecraft:mob_kills":3,"minecraft:jump":141,"minecraft:damage_dealt":600,"minecraft:leave_game":1,"minecraft:time_since_death":12502,"minecraft:total_world_time":13813,"minecraft:interact_with_crafting_table":6,"minecraft:fall_one_cm":3879,"minecraft:fly_one_cm":16942},"minecraft:crafted":{"minecraft:stone_axe":1,"minecraft:spruce_planks":144,"minecraft:stick":4,"minecraft:stone_sword":1,"minecraft:stone_pickaxe":1,"minecraft:wooden_axe":1}},"DataVersion":3120}