{"stats":{"minecraft:picked_up":{"minecraft:redstone_block":1,"minecraft:redstone_lamp":1,"minecraft:shield":1,"minecraft:dirt":38,"minecraft:smooth_sandstone":36,"minecraft:bone":1,"minecraft:apple":37,"minecraft:cracked_stone_bricks":1,"minecraft:bow":1,"minecraft:smooth_stone":1,"minecraft:iron_ingot":95,"minecraft:stone_pickaxe":1,"minecraft:sugar_cane":3,"minecraft:iron_sword":1,"jet_and_elias_armors:the_dames_armor_chestplate":1,"minecraft:polished_andesite_stairs":1,"minecraft:stick":1,"minecraft:sandstone":2,"minecraft:pumpkin":8,"minecraft:cooked_porkchop":20,"minecraft:spruce_sapling":1,"minecraft:spruce_log":36,"minecraft:spider_eye":1,"minecraft:arrow":8,"minecraft:rotten_flesh":4,"minecraft:slime_ball":2,"minecraft:chainmail_leggings":1,"minecraft:polished_basalt":5,"minecraft:white_wool":8},"minecraft:mined":{"minecraft:redstone_block":1,"minecraft:smooth_sandstone":36,"minecraft:grass_block":25,"minecraft:spruce_leaves":5,"minecraft:sugar_cane":2,"minecraft:sandstone":4,"minecraft:spawner":1,"minecraft:large_fern":1,"minecraft:polished_basalt":5,"minecraft:wheat":1,"minecraft:spruce_log":36,"minecraft:birch_leaves":3,"minecraft:pumpkin":8,"minecraft:grass":1,"minecraft:dirt":2,"minecraft:cracked_stone_bricks":1,"minecraft:fern":4},"minecraft:used":{"simplyswords:iron_claymore":10,"minecraft:stone_sword":57,"minecraft:stone_pickaxe":47,"minecraft:shield":31,"minecraft:sandstone":55,"minecraft:rotten_flesh":1,"minecraft:wooden_axe":51,"minecraft:apple":7,"minecraft:polished_andesite_stairs":1,"minecraft:iron_pickaxe":3,"minecraft:smooth_sandstone":5,"minecraft:stone_axe":14,"minecraft:cooked_porkchop":18,"minecraft:cobbled_deepslate":3},"minecraft:broken":{"minecraft:stone_pickaxe":1,"minecraft:wooden_axe":1},"minecraft:dropped":{"minecraft:cooked_porkchop":2,"minecraft:apple":4,"minecraft:shears":1,"minecraft:spider_eye":1,"minecraft:iron_axe":1,"minecraft:iron_pickaxe":1,"minecraft:white_wool":8,"simplyswords:iron_claymore":2},"minecraft:killed":{"minecraft:zombie_villager":1,"minecraft:spider":1,"minecraft:skeleton":6,"minecraft:zombie":4},"minecraft:killed_by":{"minecraft:player":2,"minecraft:zombie":1},"minecraft:custom":{"minecraft:interact_with_furnace":4,"minecraft:mob_kills":10,"minecraft:interact_with_crafting_table":18,"minecraft:leave_game":2,"minecraft:time_since_death":37076,"minecraft:sleep_in_bed":1,"minecraft:time_since_rest":7956,"minecraft:sprint_one_cm":209201,"minecraft:damage_taken":2781,"minecraft:walk_one_cm":404686,"minecraft:damage_blocked_by_shield":1035,"minecraft:drop":13,"minecraft:damage_dealt":3262,"minecraft:swim_one_cm":26406,"minecraft:fly_one_cm":282422,"minecraft:open_chest":32,"minecraft:crouch_one_cm":4791,"minecraft:play_time":95568,"minecraft:deaths":3,"minecraft:sneak_time":1484,"minecraft:walk_under_water_one_cm":12212,"minecraft:jump":1509,"minecraft:walk_on_water_one_cm":28732,"minecraft:total_world_time":95568,"minecraft:fall_one_cm":29775},"minecraft:crafted":{"minecraft:iron_nugget":18,"simplyswords:iron_claymore":3,"minecraft:spruce_planks":144,"minecraft:stone_axe":1,"minecraft:iron_axe":2,"minecraft:stick":4,"minecraft:iron_pickaxe":2,"minecraft:stone_pickaxe":1,"minecraft:wooden_axe":1,"minecraft:stone_sword":1,"minecraft:shears":2}},"DataVersion":3120}