{"stats":{"minecraft:picked_up":{"minecraft:stick":1,"minecraft:sandstone":2,"minecraft:cooked_porkchop":20,"minecraft:pumpkin":8,"minecraft:spruce_sapling":1,"minecraft:shield":1,"minecraft:spruce_log":36,"minecraft:dirt":38,"minecraft:smooth_sandstone":36,"minecraft:arrow":2,"minecraft:rotten_flesh":3,"minecraft:slime_ball":2,"minecraft:bow":1,"minecraft:chainmail_leggings":1,"minecraft:polished_basalt":5,"jet_and_elias_armors:the_dames_armor_chestplate":1},"minecraft:mined":{"minecraft:large_fern":1,"minecraft:polished_basalt":5,"minecraft:spruce_log":36,"minecraft:pumpkin":8,"minecraft:smooth_sandstone":36,"minecraft:grass":1,"minecraft:grass_block":25,"minecraft:dirt":2,"minecraft:spruce_leaves":5,"minecraft:sandstone":4,"minecraft:fern":3,"minecraft:spawner":1},"minecraft:used":{"minecraft:wooden_axe":51,"minecraft:stone_sword":34,"minecraft:stone_pickaxe":47,"minecraft:smooth_sandstone":5,"minecraft:shield":17,"minecraft:sandstone":55,"minecraft:rotten_flesh":1,"minecraft:stone_axe":14,"minecraft:cooked_porkchop":15},"minecraft:broken":{"minecraft:stone_pickaxe":1,"minecraft:wooden_axe":1},"minecraft:killed":{"minecraft:skeleton":3,"minecraft:zombie":2,"minecraft:zombie_villager":1,"minecraft:spider":1},"minecraft:killed_by":{"minecraft:player":2,"minecraft:zombie":1},"minecraft:custom":{"minecraft:time_since_rest":1117,"minecraft:sprint_one_cm":127483,"minecraft:damage_taken":2292,"minecraft:walk_one_cm":262447,"minecraft:damage_blocked_by_shield":590,"minecraft:mob_kills":4,"minecraft:damage_dealt":1680,"minecraft:swim_one_cm":17871,"minecraft:interact_with_crafting_table":6,"minecraft:fly_one_cm":173947,"minecraft:open_chest":10,"minecraft:crouch_one_cm":3281,"minecraft:play_time":59568,"minecraft:deaths":3,"minecraft:sneak_time":1017,"minecraft:walk_under_water_one_cm":9255,"minecraft:jump":977,"minecraft:walk_on_water_one_cm":23188,"minecraft:leave_game":2,"minecraft:time_since_death":1076,"minecraft:total_world_time":59568,"minecraft:fall_one_cm":18035},"minecraft:crafted":{"minecraft:spruce_planks":144,"minecraft:stick":4,"minecraft:stone_pickaxe":1,"minecraft:wooden_axe":1,"minecraft:stone_sword":1,"minecraft:stone_axe":1}},"DataVersion":3120}