{"stats":{"minecraft:picked_up":{"minecraft:cooked_beef":20,"minecraft:redstone_block":9,"minecraft:redstone_lamp":1,"minecraft:potion":1,"minecraft:oak_log":1,"minecraft:flint":2,"minecraft:stone_brick_stairs":1,"minecraft:gunpowder":17,"minecraft:shield":3,"minecraft:music_disc_cat":1,"minecraft:string":23,"minecraft:dirt":38,"minecraft:paper":10,"minecraft:iron_axe":1,"minecraft:iron_leggings":1,"minecraft:smooth_sandstone":36,"minecraft:bone":26,"minecraft:apple":37,"minecraft:stone_bricks":1,"minecraft:cracked_stone_bricks":4,"minecraft:bow":1,"minecraft:cobbled_deepslate":2,"minecraft:smooth_stone":1,"minecraft:iron_ingot":95,"minecraft:stone_pickaxe":1,"minecraft:glass_bottle":1,"minecraft:mossy_stone_bricks":4,"minecraft:coal_block":6,"minecraft:chest":1,"minecraft:sugar_cane":3,"minecraft:iron_sword":1,"minecraft:mossy_stone_brick_stairs":1,"jet_and_elias_armors:the_dames_armor_chestplate":1,"minecraft:iron_boots":2,"minecraft:tipped_arrow":2,"minecraft:polished_andesite_stairs":1,"minecraft:stick":1,"minecraft:sandstone":2,"minecraft:pumpkin":8,"minecraft:cooked_porkchop":20,"minecraft:torch":65,"minecraft:gravel":3,"minecraft:spruce_sapling":1,"minecraft:diorite":1,"minecraft:spruce_log":36,"minecraft:mossy_cobblestone":3,"minecraft:spider_eye":2,"minecraft:quartz_block":5,"minecraft:pumpkin_seeds":4,"minecraft:arrow":27,"minecraft:rotten_flesh":24,"minecraft:slime_ball":2,"minecraft:chainmail_leggings":1,"minecraft:polished_basalt":6,"minecraft:saddle":1,"minecraft:iron_bars":3,"minecraft:coal":29,"minecraft:white_wool":8,"minecraft:cobblestone":9},"minecraft:mined":{"minecraft:redstone_block":9,"minecraft:quartz_block":10,"minecraft:mossy_cobblestone":3,"minecraft:smooth_sandstone":36,"minecraft:torch":5,"minecraft:grass_block":25,"minecraft:coal_block":5,"minecraft:spruce_leaves":5,"minecraft:sugar_cane":2,"minecraft:diorite":1,"minecraft:sandstone":4,"minecraft:spawner":4,"minecraft:large_fern":1,"minecraft:cobbled_deepslate":2,"minecraft:polished_basalt":5,"minecraft:wheat":1,"minecraft:spruce_log":36,"minecraft:birch_leaves":3,"minecraft:pumpkin":8,"minecraft:vine":4,"minecraft:mossy_stone_brick_stairs":1,"minecraft:oak_log":1,"minecraft:grass":1,"minecraft:iron_bars":2,"minecraft:coal_ore":26,"minecraft:dirt":2,"minecraft:cobweb":2,"minecraft:cracked_stone_bricks":5,"minecraft:stone":5,"minecraft:mossy_stone_bricks":4,"minecraft:fern":4},"minecraft:used":{"minecraft:mossy_stone_bricks":3,"minecraft:diorite":1,"simplyswords:iron_claymore":162,"minecraft:stone_sword":57,"minecraft:stone_pickaxe":47,"minecraft:chest":1,"minecraft:polished_basalt":15,"minecraft:shield":68,"minecraft:sandstone":55,"minecraft:redstone_block":1,"minecraft:rotten_flesh":1,"minecraft:torch":27,"minecraft:mossy_cobblestone":3,"minecraft:crafting_table":1,"minecraft:wooden_axe":51,"minecraft:apple":19,"minecraft:iron_axe":1,"minecraft:polished_andesite_stairs":1,"minecraft:iron_pickaxe":81,"minecraft:smooth_sandstone":5,"minecraft:gravel":1,"minecraft:stone_bricks":1,"minecraft:stone_axe":14,"minecraft:bow":2,"minecraft:cobblestone":23,"minecraft:cooked_porkchop":18,"minecraft:cooked_beef":19,"minecraft:cobbled_deepslate":6},"minecraft:broken":{"minecraft:stone_pickaxe":1,"minecraft:wooden_axe":1},"minecraft:dropped":{"minecraft:iron_ingot":20,"minecraft:sugar_cane":7,"minecraft:glass_bottle":1,"minecraft:cooked_porkchop":2,"minecraft:apple":4,"minecraft:shears":2,"minecraft:redstone_lamp":1,"minecraft:potato":3,"minecraft:gunpowder":2,"minecraft:torch":112,"minecraft:spider_eye":1,"minecraft:iron_axe":1,"minecraft:iron_pickaxe":1,"minecraft:white_wool":8,"simplyswords:iron_claymore":2,"minecraft:redstone_block":1,"minecraft:bone":8},"minecraft:killed":{"graveyard:ghoul":2,"minecraft:zombie_villager":1,"minecraft:spider":7,"minecraft:creeper":1,"minecraft:skeleton":10,"minecraft:zombie":11,"minecraft:stray":4,"minecraft:wither_skeleton":14,"minecraft:enderman":1},"minecraft:killed_by":{"minecraft:player":2,"minecraft:zombie":1},"minecraft:custom":{"minecraft:interact_with_furnace":4,"minecraft:mob_kills":47,"minecraft:interact_with_crafting_table":19,"minecraft:leave_game":2,"minecraft:time_since_death":109076,"minecraft:sleep_in_bed":1,"minecraft:climb_one_cm":1089,"minecraft:time_since_rest":79956,"minecraft:sprint_one_cm":333550,"minecraft:damage_taken":4469,"minecraft:walk_one_cm":704729,"minecraft:damage_blocked_by_shield":2455,"minecraft:drop":24,"minecraft:damage_dealt":9510,"minecraft:swim_one_cm":26406,"minecraft:fly_one_cm":368953,"minecraft:open_chest":64,"minecraft:crouch_one_cm":10928,"minecraft:play_time":167568,"minecraft:deaths":3,"minecraft:sneak_time":3934,"minecraft:walk_under_water_one_cm":15561,"minecraft:jump":2172,"minecraft:walk_on_water_one_cm":36797,"minecraft:total_world_time":167568,"minecraft:fall_one_cm":39359},"minecraft:crafted":{"minecraft:oak_planks":4,"minecraft:crafting_table":1,"minecraft:iron_nugget":18,"simplyswords:iron_claymore":3,"minecraft:spruce_planks":144,"minecraft:stone_axe":1,"minecraft:iron_axe":2,"minecraft:stick":4,"minecraft:iron_pickaxe":2,"minecraft:stone_pickaxe":1,"minecraft:wooden_axe":1,"minecraft:stone_sword":1,"minecraft:torch":112,"minecraft:shears":2}},"DataVersion":3120}