{"stats":{"minecraft:picked_up":{"minecraft:stick":1,"minecraft:cooked_porkchop":7,"minecraft:spruce_sapling":1,"minecraft:spruce_log":36,"minecraft:dirt":38,"minecraft:arrow":2,"minecraft:rotten_flesh":1,"minecraft:bow":1},"minecraft:mined":{"minecraft:large_fern":1,"minecraft:spruce_log":36,"minecraft:grass_block":25,"minecraft:dirt":2,"minecraft:spruce_leaves":5,"minecraft:fern":2},"minecraft:broken":{"minecraft:wooden_axe":1},"minecraft:used":{"minecraft:wooden_axe":51,"minecraft:stone_sword":5,"minecraft:rotten_flesh":1,"minecraft:cooked_porkchop":2},"minecraft:killed":{"minecraft:skeleton":1,"minecraft:zombie":1,"minecraft:zombie_villager":1},"minecraft:killed_by":{"minecraft:player":1},"minecraft:custom":{"minecraft:time_since_rest":22291,"minecraft:sprint_one_cm":42686,"minecraft:damage_taken":806,"minecraft:walk_one_cm":91809,"minecraft:mob_kills":3,"minecraft:damage_dealt":606,"minecraft:swim_one_cm":17871,"minecraft:interact_with_crafting_table":6,"minecraft:fly_one_cm":38297,"minecraft:open_chest":8,"minecraft:crouch_one_cm":1075,"minecraft:play_time":23568,"minecraft:deaths":1,"minecraft:sneak_time":350,"minecraft:walk_under_water_one_cm":6371,"minecraft:jump":303,"minecraft:walk_on_water_one_cm":8731,"minecraft:leave_game":2,"minecraft:time_since_death":22257,"minecraft:total_world_time":23568,"minecraft:fall_one_cm":7441},"minecraft:crafted":{"minecraft:spruce_planks":144,"minecraft:stick":4,"minecraft:stone_pickaxe":1,"minecraft:wooden_axe":1,"minecraft:stone_sword":1,"minecraft:stone_axe":1}},"DataVersion":3120}