{"stats":{"minecraft:picked_up":{"minecraft:porkchop":5,"minecraft:carrot":1,"minecraft:gunpowder":4,"minecraft:spruce_log":16,"minecraft:string":1,"minecraft:dirt":4,"minecraft:cobblestone":41},"minecraft:mined":{"minecraft:grass_block":1,"minecraft:dirt":3,"minecraft:spruce_log":16,"minecraft:stone":41,"minecraft:large_fern":2},"minecraft:used":{"minecraft:stone_sword":17,"minecraft:apple":5,"cfm:spruce_crate":2,"minecraft:furnace":2,"minecraft:chest":2,"minecraft:wooden_pickaxe":41},"minecraft:killed":{"minecraft:spider":1,"minecraft:pig":3,"minecraft:creeper":1},"minecraft:custom":{"minecraft:time_since_rest":16931,"minecraft:open_chest":9,"minecraft:interact_with_furnace":4,"minecraft:crouch_one_cm":24,"minecraft:play_time":16931,"minecraft:sprint_one_cm":26289,"minecraft:damage_taken":215,"minecraft:walk_one_cm":34207,"minecraft:sneak_time":80,"minecraft:mob_kills":5,"minecraft:jump":176,"minecraft:damage_dealt":849,"minecraft:time_since_death":16931,"minecraft:total_world_time":16931,"minecraft:interact_with_crafting_table":7,"minecraft:fall_one_cm":3671,"minecraft:fly_one_cm":26798,"minecraft:player_kills":1},"minecraft:crafted":{"minecraft:stone_sword":1,"minecraft:chest":2,"minecraft:furnace":2,"cfm:spruce_crate":2,"minecraft:stone_axe":1,"minecraft:spruce_planks":48,"minecraft:stick":16,"minecraft:stone_pickaxe":1,"minecraft:wooden_pickaxe":1}},"DataVersion":3120}