{"stats":{"minecraft:picked_up":{"biomesoplenty:toadstool":1,"minecraft:stick":1,"minecraft:crafting_table":1,"minecraft:cooked_porkchop":7,"minecraft:wooden_pickaxe":1,"minecraft:porkchop":5,"minecraft:spruce_sapling":3,"minecraft:gunpowder":4,"minecraft:spruce_log":16,"minecraft:carrot":1,"minecraft:dirt":5,"minecraft:string":1,"alexsmobs:animal_dictionary":1,"minecraft:arrow":1,"minecraft:bone":2,"minecraft:cooked_cod":1,"graveyard:corruption":2,"minecraft:sugar_cane":11,"minecraft:chest":2,"minecraft:coal":17,"minecraft:cobblestone":58,"cfm:spruce_crate":2,"minecraft:furnace":2},"minecraft:mined":{"minecraft:large_fern":2,"minecraft:furnace":2,"biomesoplenty:toadstool":1,"minecraft:spruce_log":16,"minecraft:crafting_table":1,"minecraft:grass_block":2,"minecraft:chest":2,"minecraft:dirt":3,"minecraft:stone":41,"minecraft:sugar_cane":5,"cfm:spruce_crate":2},"minecraft:used":{"minecraft:wooden_hoe":1,"minecraft:apple":5,"minecraft:stone_sword":41,"minecraft:stone_pickaxe":2,"minecraft:wooden_pickaxe":41,"minecraft:chest":4,"minecraft:cooked_salmon":2,"biomesoplenty:toadstool":1,"minecraft:stone_axe":5,"cfm:spruce_crate":4,"minecraft:dirt":1,"minecraft:crafting_table":1,"minecraft:cooked_cod":1,"minecraft:furnace":4,"minecraft:cooked_porkchop":1,"minecraft:carrot":1,"minecraft:spruce_fence":13},"minecraft:dropped":{"minecraft:gunpowder":4,"minecraft:cooked_porkchop":11},"minecraft:killed":{"minecraft:pig":3,"graveyard:revenant":3,"minecraft:spider":1,"minecraft:creeper":1},"minecraft:custom":{"minecraft:time_since_rest":34913,"minecraft:interact_with_furnace":11,"minecraft:sprint_one_cm":47693,"minecraft:damage_taken":355,"minecraft:walk_one_cm":134011,"minecraft:mob_kills":8,"minecraft:drop":12,"minecraft:damage_dealt":1882,"minecraft:swim_one_cm":23915,"minecraft:interact_with_crafting_table":10,"minecraft:fly_one_cm":37376,"minecraft:player_kills":1,"minecraft:open_chest":16,"minecraft:crouch_one_cm":130,"minecraft:play_time":34913,"minecraft:sneak_time":472,"minecraft:walk_under_water_one_cm":7621,"minecraft:jump":434,"minecraft:leave_game":2,"minecraft:time_since_death":34913,"minecraft:walk_on_water_one_cm":5268,"minecraft:total_world_time":34913,"minecraft:fall_one_cm":6659},"minecraft:crafted":{"cfm:spruce_crate":2,"minecraft:wooden_hoe":1,"minecraft:spruce_planks":48,"minecraft:stick":32,"minecraft:wooden_pickaxe":1,"minecraft:stone_pickaxe":1,"minecraft:stone_sword":1,"minecraft:chest":2,"minecraft:cooked_salmon":2,"minecraft:furnace":2,"minecraft:spruce_fence":15,"minecraft:stone_axe":1,"minecraft:air":0}},"DataVersion":3120}