{"stats":{"minecraft:picked_up":{"minecraft:crafting_table":4,"minecraft:iron_chestplate":2,"minecraft:wheat":7,"minecraft:redstone_block":6,"minecraft:chainmail_boots":1,"minecraft:chicken":3,"minecraft:clay_ball":5,"minecraft:redstone_lamp":5,"minecraft:brown_mushroom":4,"minecraft:diamond_sword":1,"minecraft:wooden_pickaxe":1,"minecraft:enchanted_book":1,"minecraft:potion":4,"minecraft:brewing_stand":1,"minecraft:shield":1,"minecraft:brick":10,"minecraft:music_disc_cat":3,"minecraft:string":25,"minecraft:iron_axe":2,"minecraft:compass":2,"armorplus:wither_bone":27,"graveyard:corruption":2,"minecraft:cracked_stone_bricks":62,"minecraft:gold_nugget":6,"minecraft:music_disc_otherside":1,"minecraft:iron_pickaxe":1,"minecraft:coal_block":1,"minecraft:sugar_cane":21,"minecraft:chest":17,"minecraft:phantom_membrane":11,"minecraft:furnace":4,"minecraft:iron_boots":4,"minecraft:raw_iron":6,"minecraft:tipped_arrow":5,"minecraft:stick":2,"minecraft:torch":76,"minecraft:bowl":2,"minecraft:spruce_fence":3,"minecraft:porkchop":5,"minecraft:carrot":6,"minecraft:redstone":3,"minecraft:iron_horse_armor":1,"minecraft:quartz_block":6,"minecraft:arrow":22,"minecraft:rotten_flesh":31,"minecraft:cooked_cod":1,"minecraft:nether_bricks":1,"minecraft:shears":2,"minecraft:polished_basalt":3,"minecraft:saddle":2,"sophisticatedbackpacks:copper_backpack":1,"minecraft:leather_horse_armor":1,"minecraft:rail":2,"minecraft:iron_bars":7,"minecraft:blaze_powder":5,"minecraft:white_wool":13,"minecraft:cobblestone":220,"minecraft:leather_chestplate":1,"minecraft:feather":1,"minecraft:cooked_beef":8,"minecraft:iron_door":1,"minecraft:andesite":1,"minecraft:potato":3,"biomesoplenty:fir_log":8,"minecraft:flint":7,"simplyswords:iron_claymore":2,"minecraft:oak_log":6,"minecraft:golden_boots":2,"minecraft:gunpowder":14,"minecraft:lapis_lazuli":4,"minecraft:dirt":7,"minecraft:bone":60,"minecraft:apple":5,"minecraft:stone_bricks":1,"minecraft:bow":2,"minecraft:rabbit_hide":1,"minecraft:iron_ingot":39,"minecraft:cobweb":4,"minecraft:mossy_stone_bricks":2,"minecraft:glass_bottle":8,"minecraft:iron_sword":1,"minecraft:soul_sand":17,"minecraft:oak_planks":1,"minecraft:mossy_stone_brick_stairs":2,"armorplus:frost_shard":12,"minecraft:book":11,"biomesoplenty:toadstool":1,"minecraft:polished_andesite_stairs":1,"minecraft:cooked_porkchop":9,"minecraft:gravel":1,"minecraft:spruce_sapling":3,"minecraft:grass_block":1,"minecraft:spruce_log":16,"minecraft:spider_eye":8,"alexsmobs:animal_dictionary":1,"minecraft:mossy_cobblestone":4,"minecraft:polished_andesite":2,"minecraft:pumpkin_seeds":5,"minecraft:diamond":1,"minecraft:soul_lantern":3,"minecraft:iron_helmet":1,"minecraft:golden_apple":1,"minecraft:mossy_cobblestone_stairs":1,"minecraft:netherrack":1,"minecraft:coal":41,"cfm:spruce_crate":2,"minecraft:ender_pearl":3},"minecraft:mined":{"minecraft:brewing_stand":1,"minecraft:nether_bricks":1,"minecraft:grass_block":3,"minecraft:spruce_fence":3,"minecraft:coal_block":2,"armorplus:ore_frost_crystal_stone":8,"minecraft:spawner":16,"minecraft:large_fern":2,"minecraft:smooth_stone":1,"minecraft:furnace":4,"minecraft:carrots":1,"minecraft:mossy_cobblestone_stairs":1,"biomesoplenty:toadstool":1,"minecraft:polished_basalt":3,"minecraft:iron_ore":6,"minecraft:andesite":1,"minecraft:mossy_stone_brick_stairs":1,"minecraft:bookshelf":2,"minecraft:vine":10,"minecraft:iron_bars":8,"minecraft:stone":236,"minecraft:redstone_block":5,"minecraft:quartz_block":7,"minecraft:soul_sand":17,"minecraft:soul_lantern":2,"minecraft:crafting_table":4,"minecraft:torch":13,"minecraft:polished_andesite_stairs":2,"minecraft:chest":17,"minecraft:cobblestone":4,"minecraft:oak_planks":3,"cfm:spruce_crate":2,"minecraft:sugar_cane":5,"minecraft:iron_door":1,"minecraft:wall_torch":1,"minecraft:spruce_log":16,"biomesoplenty:fir_log":8,"minecraft:grass":1,"minecraft:oak_log":6,"biomesoplenty:fir_leaves":1,"minecraft:dirt":4,"minecraft:cobweb":2,"minecraft:cracked_stone_bricks":7,"minecraft:polished_andesite":2,"minecraft:stone_bricks":1,"minecraft:netherrack":1,"minecraft:mossy_stone_bricks":1,"minecraft:fern":1,"minecraft:redstone_lamp":5},"minecraft:broken":{"minecraft:golden_boots":1,"simplyswords:iron_claymore":1},"minecraft:used":{"minecraft:stone_sword":41,"simplyswords:iron_claymore":254,"minecraft:polished_basalt":2,"minecraft:chest":13,"minecraft:shield":63,"minecraft:iron_sword":68,"minecraft:cooked_salmon":2,"minecraft:rotten_flesh":3,"minecraft:torch":87,"minecraft:dirt":2,"minecraft:carrot":6,"minecraft:spruce_fence":20,"minecraft:grass_block":1,"minecraft:iron_axe":43,"minecraft:polished_andesite_stairs":1,"minecraft:quartz_block":6,"minecraft:furnace":4,"minecraft:cooked_cod":1,"minecraft:cooked_beef":44,"minecraft:stone_pickaxe":7,"minecraft:oak_planks":1,"minecraft:wooden_pickaxe":41,"minecraft:mossy_stone_brick_stairs":1,"minecraft:sugar_cane":11,"minecraft:cracked_stone_bricks":52,"minecraft:mossy_cobblestone":2,"cfm:spruce_crate":4,"minecraft:crafting_table":3,"minecraft:white_bed":3,"minecraft:wooden_hoe":1,"minecraft:apple":5,"minecraft:chicken":3,"minecraft:iron_pickaxe":282,"biomesoplenty:toadstool":1,"minecraft:stone_axe":28,"minecraft:cobblestone":3,"minecraft:potion":1,"minecraft:cooked_porkchop":5,"minecraft:bucket":1},"minecraft:dropped":{"minecraft:iron_sword":1,"minecraft:cooked_beef":24,"minecraft:golden_horse_armor":1,"minecraft:cooked_porkchop":13,"minecraft:apple":37,"minecraft:flint":5,"minecraft:cobweb":3,"minecraft:polished_basalt":4,"minecraft:mossy_cobblestone_stairs":1,"minecraft:music_disc_cat":2,"minecraft:bone":3,"jet_and_elias_armors:the_dames_armor_chestplate":1,"minecraft:rotten_flesh":6,"minecraft:clay_ball":5,"minecraft:iron_boots":1,"minecraft:pumpkin_seeds":2,"minecraft:rabbit_hide":1,"minecraft:tipped_arrow":5,"minecraft:gunpowder":9,"minecraft:mossy_stone_bricks":1,"minecraft:arrow":7,"minecraft:stone_pickaxe":1,"minecraft:brick":10},"minecraft:killed":{"minecraft:cave_spider":4,"minecraft:witch":1,"graveyard:revenant":3,"minecraft:spider":16,"minecraft:skeleton":6,"minecraft:chicken":3,"minecraft:pig":3,"graveyard:ghoul":2,"minecraft:creeper":3,"minecraft:zombie":21,"minecraft:stray":11,"minecraft:wither_skeleton":9,"minecraft:enderman":1},"minecraft:killed_by":{"minecraft:player":1,"minecraft:stray":2,"minecraft:zombie":1},"minecraft:custom":{"minecraft:mob_kills":96,"minecraft:interact_with_crafting_table":22,"minecraft:damage_dealt_resisted":557,"minecraft:leave_game":2,"minecraft:time_since_death":6019,"minecraft:climb_one_cm":2244,"minecraft:sprint_one_cm":366223,"minecraft:walk_one_cm":548875,"minecraft:damage_blocked_by_shield":2466,"minecraft:drop":71,"minecraft:damage_dealt_absorbed":40,"minecraft:play_time":152841,"minecraft:deaths":5,"minecraft:sneak_time":3179,"minecraft:walk_under_water_one_cm":15596,"minecraft:jump":1834,"minecraft:walk_on_water_one_cm":19832,"minecraft:total_world_time":152841,"minecraft:interact_with_furnace":13,"minecraft:sleep_in_bed":2,"minecraft:time_since_rest":6050,"minecraft:damage_taken":5331,"minecraft:damage_dealt":18095,"minecraft:swim_one_cm":45435,"minecraft:player_kills":1,"minecraft:fly_one_cm":359435,"minecraft:open_chest":109,"minecraft:crouch_one_cm":5015,"minecraft:fall_one_cm":33407},"minecraft:crafted":{"jet_and_elias_armors:the_dames_armor_chestplate":2,"minecraft:oak_planks":24,"minecraft:furnace":2,"minecraft:spruce_fence":21,"minecraft:heavy_weighted_pressure_plate":8,"cfm:spruce_crate":2,"minecraft:stone_pickaxe":1,"minecraft:chest":2,"minecraft:crafting_table":2,"minecraft:spruce_planks":48,"minecraft:wooden_pickaxe":1,"minecraft:cooked_salmon":2,"minecraft:bucket":1,"minecraft:stone_axe":1,"minecraft:air":0,"biomesoplenty:fir_planks":32,"minecraft:wooden_hoe":1,"minecraft:stick":36,"minecraft:iron_pickaxe":1,"minecraft:stone_sword":1,"minecraft:white_bed":3,"minecraft:torch":4}},"DataVersion":3120}