{"stats":{"minecraft:picked_up":{"minecraft:crafting_table":4,"minecraft:iron_chestplate":1,"minecraft:wheat":3,"minecraft:chainmail_boots":1,"minecraft:chicken":3,"minecraft:clay_ball":5,"minecraft:redstone_lamp":1,"minecraft:brown_mushroom":4,"minecraft:wooden_pickaxe":1,"minecraft:potion":3,"minecraft:brewing_stand":1,"minecraft:brick":10,"minecraft:music_disc_cat":2,"minecraft:string":24,"minecraft:iron_axe":1,"minecraft:compass":2,"graveyard:corruption":2,"minecraft:cracked_stone_bricks":54,"minecraft:gold_nugget":6,"minecraft:music_disc_otherside":1,"minecraft:iron_pickaxe":1,"minecraft:sugar_cane":14,"minecraft:chest":16,"minecraft:phantom_membrane":11,"minecraft:furnace":4,"minecraft:iron_boots":3,"minecraft:tipped_arrow":3,"minecraft:stick":2,"minecraft:torch":5,"minecraft:bowl":2,"minecraft:spruce_fence":3,"minecraft:porkchop":5,"minecraft:carrot":1,"minecraft:redstone":2,"minecraft:iron_horse_armor":1,"minecraft:quartz_block":6,"minecraft:arrow":15,"minecraft:rotten_flesh":28,"minecraft:cooked_cod":1,"minecraft:shears":1,"minecraft:polished_basalt":3,"minecraft:saddle":1,"sophisticatedbackpacks:copper_backpack":1,"minecraft:leather_horse_armor":1,"minecraft:iron_bars":2,"minecraft:blaze_powder":5,"minecraft:white_wool":13,"minecraft:cobblestone":103,"minecraft:feather":1,"minecraft:cooked_beef":4,"biomesoplenty:fir_log":8,"minecraft:flint":5,"simplyswords:iron_claymore":2,"minecraft:oak_log":6,"minecraft:golden_boots":1,"minecraft:gunpowder":8,"minecraft:lapis_lazuli":4,"minecraft:dirt":6,"minecraft:bone":24,"minecraft:apple":5,"minecraft:stone_bricks":1,"minecraft:bow":1,"minecraft:rabbit_hide":1,"minecraft:iron_ingot":19,"minecraft:cobweb":1,"minecraft:mossy_stone_bricks":1,"minecraft:glass_bottle":7,"minecraft:mossy_stone_brick_stairs":1,"minecraft:book":5,"biomesoplenty:toadstool":1,"minecraft:polished_andesite_stairs":1,"minecraft:cooked_porkchop":9,"minecraft:spruce_sapling":3,"minecraft:spruce_log":16,"minecraft:spider_eye":5,"alexsmobs:animal_dictionary":1,"minecraft:pumpkin_seeds":3,"minecraft:diamond":1,"minecraft:soul_lantern":3,"minecraft:iron_helmet":1,"minecraft:golden_apple":1,"minecraft:mossy_cobblestone_stairs":1,"minecraft:coal":36,"cfm:spruce_crate":2,"minecraft:ender_pearl":2},"minecraft:mined":{"minecraft:brewing_stand":1,"minecraft:grass_block":3,"minecraft:spruce_fence":3,"minecraft:spawner":5,"minecraft:large_fern":2,"minecraft:smooth_stone":1,"minecraft:furnace":4,"minecraft:mossy_cobblestone_stairs":1,"biomesoplenty:toadstool":1,"minecraft:polished_basalt":3,"minecraft:mossy_stone_brick_stairs":1,"minecraft:iron_bars":2,"minecraft:stone":41,"minecraft:quartz_block":6,"minecraft:soul_lantern":2,"minecraft:crafting_table":4,"minecraft:torch":4,"minecraft:polished_andesite_stairs":2,"minecraft:chest":16,"minecraft:cobblestone":3,"cfm:spruce_crate":2,"minecraft:sugar_cane":5,"minecraft:wall_torch":1,"minecraft:spruce_log":16,"biomesoplenty:fir_log":8,"minecraft:grass":1,"minecraft:oak_log":6,"biomesoplenty:fir_leaves":1,"minecraft:dirt":3,"minecraft:cobweb":2,"minecraft:cracked_stone_bricks":1,"minecraft:stone_bricks":1,"minecraft:fern":1,"minecraft:redstone_lamp":2},"minecraft:used":{"minecraft:stone_sword":41,"simplyswords:iron_claymore":108,"minecraft:polished_basalt":2,"minecraft:chest":5,"minecraft:shield":38,"minecraft:iron_sword":68,"minecraft:cooked_salmon":2,"minecraft:rotten_flesh":3,"minecraft:torch":31,"minecraft:dirt":2,"minecraft:carrot":6,"minecraft:spruce_fence":20,"minecraft:iron_axe":19,"minecraft:polished_andesite_stairs":1,"minecraft:quartz_block":6,"minecraft:furnace":4,"minecraft:cooked_cod":1,"minecraft:cooked_beef":17,"minecraft:stone_pickaxe":7,"minecraft:wooden_pickaxe":41,"minecraft:mossy_stone_brick_stairs":1,"minecraft:sugar_cane":11,"minecraft:cracked_stone_bricks":1,"cfm:spruce_crate":4,"minecraft:crafting_table":3,"minecraft:white_bed":3,"minecraft:wooden_hoe":1,"minecraft:apple":5,"minecraft:chicken":3,"minecraft:iron_pickaxe":29,"biomesoplenty:toadstool":1,"minecraft:stone_axe":28,"minecraft:cobblestone":3,"minecraft:potion":1,"minecraft:cooked_porkchop":5,"minecraft:bucket":1},"minecraft:dropped":{"minecraft:iron_sword":1,"minecraft:cooked_beef":20,"minecraft:golden_horse_armor":1,"minecraft:cooked_porkchop":13,"minecraft:apple":37,"minecraft:flint":5,"minecraft:polished_basalt":4,"minecraft:mossy_cobblestone_stairs":1,"minecraft:bone":3,"jet_and_elias_armors:the_dames_armor_chestplate":1,"minecraft:rotten_flesh":6,"minecraft:clay_ball":5,"minecraft:iron_boots":1,"minecraft:rabbit_hide":1,"minecraft:tipped_arrow":3,"minecraft:gunpowder":7,"minecraft:mossy_stone_bricks":1,"minecraft:arrow":6,"minecraft:stone_pickaxe":1,"minecraft:brick":10},"minecraft:killed":{"minecraft:cave_spider":4,"graveyard:revenant":3,"minecraft:spider":12,"minecraft:skeleton":4,"minecraft:chicken":3,"minecraft:pig":3,"graveyard:ghoul":2,"minecraft:creeper":3,"minecraft:zombie":13,"minecraft:stray":6},"minecraft:killed_by":{"minecraft:player":1,"minecraft:stray":1,"minecraft:zombie":1},"minecraft:custom":{"minecraft:mob_kills":63,"minecraft:interact_with_crafting_table":22,"minecraft:damage_dealt_resisted":342,"minecraft:leave_game":2,"minecraft:time_since_death":18791,"minecraft:sprint_one_cm":274481,"minecraft:walk_one_cm":381305,"minecraft:damage_blocked_by_shield":1358,"minecraft:drop":58,"minecraft:play_time":104841,"minecraft:deaths":4,"minecraft:sneak_time":1671,"minecraft:walk_under_water_one_cm":9837,"minecraft:jump":1471,"minecraft:walk_on_water_one_cm":13256,"minecraft:total_world_time":104841,"minecraft:interact_with_furnace":13,"minecraft:sleep_in_bed":2,"minecraft:time_since_rest":18824,"minecraft:damage_taken":3200,"minecraft:damage_dealt":11998,"minecraft:swim_one_cm":45435,"minecraft:player_kills":1,"minecraft:fly_one_cm":315225,"minecraft:open_chest":66,"minecraft:crouch_one_cm":2184,"minecraft:fall_one_cm":28794},"minecraft:crafted":{"jet_and_elias_armors:the_dames_armor_chestplate":2,"minecraft:oak_planks":24,"minecraft:furnace":2,"minecraft:spruce_fence":21,"minecraft:heavy_weighted_pressure_plate":8,"cfm:spruce_crate":2,"minecraft:stone_pickaxe":1,"minecraft:chest":2,"minecraft:crafting_table":2,"minecraft:spruce_planks":48,"minecraft:wooden_pickaxe":1,"minecraft:cooked_salmon":2,"minecraft:bucket":1,"minecraft:stone_axe":1,"minecraft:air":0,"biomesoplenty:fir_planks":32,"minecraft:wooden_hoe":1,"minecraft:stick":36,"minecraft:stone_sword":1,"minecraft:white_bed":3,"minecraft:torch":4}},"DataVersion":3120}