{"stats":{"minecraft:picked_up":{"minecraft:iron_chestplate":4,"minecraft:crafting_table":5,"minecraft:wheat":7,"minecraft:redstone_block":8,"minecraft:chainmail_boots":1,"minecraft:chicken":6,"minecraft:clay_ball":5,"minecraft:redstone_lamp":10,"minecraft:lead":1,"minecraft:brown_mushroom":10,"minecraft:diamond_sword":1,"minecraft:wooden_pickaxe":1,"minecraft:enchanted_book":5,"minecraft:potion":9,"minecraft:brewing_stand":2,"minecraft:brick":10,"minecraft:shield":4,"minecraft:music_disc_cat":5,"minecraft:string":96,"minecraft:iron_axe":4,"minecraft:iron_leggings":1,"minecraft:compass":6,"armorplus:wither_bone":29,"graveyard:corruption":10,"minecraft:cracked_stone_bricks":64,"minecraft:gold_nugget":19,"minecraft:smooth_stone":1,"biomesoplenty:fir_planks":19,"minecraft:music_disc_otherside":2,"minecraft:iron_pickaxe":1,"minecraft:iron_nugget":14,"minecraft:sugar_cane":44,"minecraft:melon_slice":7,"minecraft:coal_block":7,"minecraft:chest":22,"minecraft:phantom_membrane":11,"minecraft:iron_boots":6,"minecraft:furnace":4,"minecraft:tipped_arrow":6,"minecraft:raw_iron":12,"minecraft:stick":14,"minecraft:torch":136,"minecraft:bowl":12,"minecraft:spruce_fence":3,"minecraft:porkchop":5,"minecraft:carrot":82,"minecraft:redstone":5,"minecraft:golden_chestplate":2,"minecraft:iron_horse_armor":2,"minecraft:stone_pressure_plate":1,"minecraft:quartz_block":14,"minecraft:arrow":33,"minecraft:rotten_flesh":118,"minecraft:cooked_cod":1,"minecraft:beetroot_seeds":3,"minecraft:nether_bricks":1,"minecraft:shears":4,"minecraft:polished_basalt":5,"minecraft:saddle":4,"minecraft:gold_ingot":18,"sophisticatedbackpacks:copper_backpack":1,"minecraft:leather_horse_armor":2,"alexsmobs:lobster_tail":1,"minecraft:rail":2,"minecraft:iron_bars":11,"minecraft:white_wool":17,"minecraft:blaze_powder":10,"minecraft:cobblestone":379,"minecraft:leather_chestplate":1,"minecraft:feather":2,"minecraft:cooked_beef":8,"minecraft:iron_door":2,"minecraft:andesite":1,"minecraft:leather":1,"minecraft:potato":19,"biomesoplenty:fir_log":8,"minecraft:flint":8,"simplyswords:iron_claymore":2,"minecraft:oak_log":6,"minecraft:chainmail_chestplate":2,"minecraft:golden_boots":3,"minecraft:gunpowder":32,"minecraft:lapis_lazuli":17,"minecraft:dirt":13,"minecraft:paper":4,"minecraft:bone":150,"minecraft:apple":7,"minecraft:stone_bricks":1,"minecraft:bow":6,"minecraft:rabbit_hide":1,"minecraft:iron_ingot":107,"minecraft:cobweb":4,"minecraft:mossy_stone_bricks":4,"minecraft:glass_bottle":35,"minecraft:glowstone_dust":8,"minecraft:oak_planks":19,"minecraft:iron_sword":2,"minecraft:soul_sand":19,"minecraft:mossy_stone_brick_stairs":2,"armorplus:frost_shard":12,"minecraft:book":30,"biomesoplenty:toadstool":1,"minecraft:polished_andesite_stairs":1,"minecraft:cooked_porkchop":10,"minecraft:music_disc_13":1,"minecraft:chiseled_stone_bricks":1,"minecraft:gravel":2,"minecraft:spruce_sapling":3,"minecraft:spruce_log":16,"minecraft:white_bed":3,"minecraft:grass_block":1,"minecraft:fermented_spider_eye":3,"minecraft:spider_eye":24,"alexsmobs:animal_dictionary":1,"minecraft:mossy_cobblestone":6,"minecraft:polished_andesite":3,"minecraft:pumpkin_seeds":9,"minecraft:slime_ball":11,"minecraft:diamond":2,"minecraft:stone_axe":1,"minecraft:soul_lantern":3,"minecraft:iron_helmet":1,"minecraft:golden_apple":3,"minecraft:mossy_cobblestone_stairs":2,"minecraft:bread":1,"minecraft:netherrack":1,"minecraft:melon_seeds":4,"minecraft:coal":77,"cfm:spruce_crate":2,"minecraft:ender_pearl":7},"minecraft:dropped":{"minecraft:bread":11,"minecraft:iron_sword":1,"minecraft:cooked_beef":24,"minecraft:golden_horse_armor":1,"minecraft:cooked_porkchop":13,"minecraft:apple":37,"minecraft:rail":2,"minecraft:golden_apple":1,"minecraft:flint":5,"minecraft:stick":12,"minecraft:polished_andesite":2,"minecraft:cobweb":3,"minecraft:dirt":1,"jet_and_elias_armors:havoc_knight_armor_boots":1,"minecraft:polished_basalt":4,"minecraft:mossy_cobblestone_stairs":1,"minecraft:music_disc_cat":2,"minecraft:bone":3,"jet_and_elias_armors:the_dames_armor_chestplate":2,"minecraft:rotten_flesh":6,"minecraft:clay_ball":5,"minecraft:iron_boots":1,"minecraft:white_bed":1,"jet_and_elias_armors:heavy_knight_armor_leggings":1,"minecraft:pumpkin_seeds":2,"minecraft:rabbit_hide":1,"minecraft:tipped_arrow":5,"minecraft:gunpowder":25,"minecraft:netherite_block":6,"minecraft:mossy_stone_bricks":1,"minecraft:quartz_block":3,"minecraft:spider_eye":1,"minecraft:arrow":7,"minecraft:stone_pickaxe":1,"minecraft:brick":10},"minecraft:mined":{"minecraft:stone_pressure_plate":1,"minecraft:white_bed":3,"minecraft:mossy_cobblestone":2,"minecraft:brewing_stand":1,"minecraft:nether_bricks":1,"minecraft:spruce_fence":3,"minecraft:grass_block":3,"minecraft:coal_block":2,"armorplus:ore_frost_crystal_stone":8,"minecraft:chiseled_stone_bricks":1,"minecraft:spawner":18,"minecraft:large_fern":2,"minecraft:smooth_stone":1,"minecraft:glowstone":1,"minecraft:furnace":4,"minecraft:carrots":22,"minecraft:mossy_cobblestone_stairs":2,"biomesoplenty:toadstool":1,"minecraft:polished_basalt":3,"minecraft:iron_ore":6,"minecraft:andesite":1,"minecraft:mossy_stone_brick_stairs":1,"minecraft:bookshelf":2,"minecraft:potatoes":3,"minecraft:vine":14,"minecraft:iron_bars":10,"minecraft:stone":236,"minecraft:redstone_block":5,"minecraft:quartz_block":9,"minecraft:soul_sand":18,"minecraft:soul_lantern":2,"minecraft:crafting_table":5,"minecraft:torch":14,"minecraft:polished_andesite_stairs":2,"minecraft:melon":1,"minecraft:chest":18,"minecraft:cobblestone":4,"cfm:spruce_crate":2,"minecraft:oak_planks":3,"minecraft:sugar_cane":16,"minecraft:iron_door":2,"minecraft:wall_torch":4,"minecraft:spruce_log":16,"biomesoplenty:fir_log":8,"minecraft:grass":6,"minecraft:oak_log":6,"biomesoplenty:fir_leaves":1,"minecraft:gravel":1,"minecraft:dirt":4,"minecraft:cobweb":2,"minecraft:cracked_stone_bricks":9,"minecraft:stone_bricks":1,"minecraft:polished_andesite":3,"minecraft:netherrack":1,"minecraft:mossy_stone_bricks":2,"minecraft:redstone_lamp":5,"minecraft:fern":2},"minecraft:killed_by":{"minecraft:player":1,"minecraft:stray":2,"minecraft:zombie":1},"minecraft:killed":{"minecraft:cave_spider":4,"minecraft:witch":1,"graveyard:revenant":28,"minecraft:spider":17,"minecraft:skeleton":7,"minecraft:chicken":3,"minecraft:pig":4,"graveyard:ghoul":20,"minecraft:creeper":7,"minecraft:zombie":32,"minecraft:stray":14,"minecraft:wither_skeleton":10,"minecraft:enderman":1},"minecraft:broken":{"minecraft:golden_boots":1,"simplyswords:iron_claymore":1},"minecraft:crafted":{"jet_and_elias_armors:the_dames_armor_chestplate":2,"minecraft:oak_planks":24,"minecraft:coal":63,"minecraft:furnace":2,"minecraft:bone_meal":45,"minecraft:spruce_fence":21,"minecraft:heavy_weighted_pressure_plate":8,"easy_emerald:emerald_axe":1,"cfm:spruce_crate":2,"minecraft:stone_pickaxe":1,"minecraft:chest":2,"sophisticatedbackpacks:iron_backpack":1,"minecraft:diamond_sword":1,"sophisticatedbackpacks:backpack":1,"minecraft:crafting_table":2,"minecraft:spruce_planks":48,"easy_emerald:emerald_pickaxe":1,"minecraft:wooden_pickaxe":1,"minecraft:blue_bed":1,"minecraft:cooked_salmon":2,"sophisticatedbackpacks:gold_backpack":1,"minecraft:bucket":1,"minecraft:stone_axe":1,"minecraft:air":0,"minecraft:blue_dye":1,"biomesoplenty:fir_planks":32,"minecraft:wooden_hoe":2,"minecraft:stick":44,"minecraft:iron_ingot":6,"minecraft:iron_pickaxe":1,"minecraft:iron_block":3,"minecraft:stone_sword":1,"minecraft:anvil":1,"minecraft:white_bed":3,"minecraft:torch":4},"minecraft:used":{"minecraft:stone_sword":41,"simplyswords:iron_claymore":254,"minecraft:polished_basalt":2,"minecraft:chest":19,"minecraft:shield":74,"minecraft:iron_sword":326,"minecraft:cooked_salmon":2,"minecraft:rotten_flesh":8,"minecraft:torch":121,"minecraft:soul_sand":3,"minecraft:dirt":2,"minecraft:anvil":1,"minecraft:carrot":34,"minecraft:spruce_fence":20,"minecraft:mossy_cobblestone_stairs":1,"minecraft:iron_axe":52,"minecraft:grass_block":1,"minecraft:polished_andesite_stairs":1,"minecraft:quartz_block":6,"minecraft:cooked_cod":1,"minecraft:furnace":4,"minecraft:stone_pressure_plate":1,"minecraft:cooked_beef":53,"minecraft:stone_pickaxe":7,"minecraft:polished_andesite":1,"minecraft:oak_planks":1,"minecraft:wooden_pickaxe":41,"minecraft:mossy_stone_brick_stairs":2,"minecraft:sugar_cane":11,"minecraft:blue_bed":1,"minecraft:cracked_stone_bricks":61,"minecraft:mossy_cobblestone":2,"cfm:spruce_crate":4,"minecraft:crafting_table":3,"minecraft:white_bed":4,"minecraft:wooden_hoe":10,"minecraft:apple":8,"minecraft:chicken":3,"minecraft:bread":7,"minecraft:iron_pickaxe":298,"minecraft:gravel":1,"biomesoplenty:toadstool":1,"minecraft:stone_axe":28,"minecraft:chiseled_stone_bricks":1,"minecraft:potion":1,"minecraft:cobblestone":3,"minecraft:cooked_porkchop":5,"minecraft:bucket":1,"biomesoplenty:fir_log":2,"minecraft:bone_meal":45},"minecraft:custom":{"minecraft:interact_with_anvil":5,"minecraft:mob_kills":161,"minecraft:animals_bred":3,"minecraft:interact_with_crafting_table":35,"minecraft:damage_dealt_resisted":631,"minecraft:leave_game":5,"minecraft:time_since_death":92918,"minecraft:climb_one_cm":5656,"minecraft:sprint_one_cm":548977,"minecraft:walk_one_cm":777531,"minecraft:damage_blocked_by_shield":2929,"minecraft:drop":101,"minecraft:damage_dealt_absorbed":40,"minecraft:talked_to_villager":1,"minecraft:play_time":239740,"minecraft:deaths":5,"minecraft:sneak_time":4750,"minecraft:walk_under_water_one_cm":47932,"minecraft:jump":4742,"minecraft:walk_on_water_one_cm":41105,"minecraft:total_world_time":239740,"minecraft:interact_with_furnace":25,"minecraft:sleep_in_bed":4,"minecraft:time_since_rest":16370,"minecraft:damage_taken":6429,"minecraft:damage_dealt":32567,"minecraft:player_kills":1,"minecraft:swim_one_cm":67383,"minecraft:fly_one_cm":545038,"minecraft:open_chest":231,"minecraft:crouch_one_cm":5861,"minecraft:fall_one_cm":46871}},"DataVersion":3120}