{"stats":{"minecraft:picked_up":{"minecraft:crafting_table":1,"minecraft:wooden_pickaxe":1,"minecraft:gunpowder":6,"minecraft:string":4,"minecraft:dirt":5,"minecraft:bone":4,"graveyard:corruption":2,"minecraft:sugar_cane":11,"minecraft:chest":2,"minecraft:iron_boots":1,"minecraft:furnace":2,"biomesoplenty:toadstool":1,"minecraft:stick":1,"minecraft:cooked_porkchop":7,"minecraft:porkchop":5,"minecraft:spruce_sapling":3,"minecraft:carrot":1,"minecraft:spruce_log":16,"alexsmobs:animal_dictionary":1,"minecraft:arrow":1,"minecraft:rotten_flesh":4,"minecraft:cooked_cod":1,"minecraft:soul_lantern":3,"minecraft:polished_basalt":1,"sophisticatedbackpacks:copper_backpack":1,"minecraft:coal":17,"minecraft:blaze_powder":5,"cfm:spruce_crate":2,"minecraft:cobblestone":58},"minecraft:mined":{"minecraft:soul_lantern":2,"minecraft:crafting_table":1,"minecraft:grass_block":2,"minecraft:chest":2,"minecraft:sugar_cane":5,"cfm:spruce_crate":2,"minecraft:large_fern":2,"minecraft:furnace":2,"biomesoplenty:toadstool":1,"minecraft:polished_basalt":1,"minecraft:spruce_log":16,"minecraft:dirt":3,"minecraft:stone":41},"minecraft:used":{"minecraft:stone_sword":41,"minecraft:stone_pickaxe":5,"minecraft:polished_basalt":1,"minecraft:shield":3,"minecraft:chest":4,"minecraft:wooden_pickaxe":41,"minecraft:iron_sword":40,"minecraft:cooked_salmon":2,"minecraft:dirt":1,"cfm:spruce_crate":4,"minecraft:crafting_table":1,"minecraft:carrot":1,"minecraft:spruce_fence":13,"minecraft:wooden_hoe":1,"minecraft:apple":5,"biomesoplenty:toadstool":1,"minecraft:stone_axe":5,"minecraft:cooked_porkchop":3,"minecraft:furnace":4,"minecraft:cooked_cod":1},"minecraft:dropped":{"jet_and_elias_armors:the_dames_armor_chestplate":1,"minecraft:cooked_porkchop":13,"minecraft:gunpowder":4,"minecraft:polished_basalt":3},"minecraft:killed":{"minecraft:pig":3,"graveyard:revenant":3,"minecraft:spider":1,"minecraft:creeper":2,"minecraft:skeleton":1,"minecraft:zombie":4},"minecraft:killed_by":{"minecraft:player":1,"minecraft:zombie":1},"minecraft:custom":{"minecraft:interact_with_furnace":11,"minecraft:mob_kills":17,"minecraft:interact_with_crafting_table":14,"minecraft:damage_dealt_resisted":342,"minecraft:leave_game":2,"minecraft:time_since_death":737,"minecraft:time_since_rest":766,"minecraft:sprint_one_cm":71365,"minecraft:damage_taken":1298,"minecraft:walk_one_cm":159254,"minecraft:damage_blocked_by_shield":55,"minecraft:drop":18,"minecraft:damage_dealt":4404,"minecraft:swim_one_cm":23915,"minecraft:fly_one_cm":143662,"minecraft:player_kills":1,"minecraft:open_chest":16,"minecraft:crouch_one_cm":313,"minecraft:play_time":44841,"minecraft:deaths":3,"minecraft:sneak_time":559,"minecraft:walk_under_water_one_cm":7621,"minecraft:jump":615,"minecraft:walk_on_water_one_cm":5268,"minecraft:total_world_time":44841,"minecraft:fall_one_cm":9206},"minecraft:crafted":{"jet_and_elias_armors:the_dames_armor_chestplate":1,"minecraft:spruce_planks":48,"minecraft:wooden_pickaxe":1,"minecraft:furnace":2,"minecraft:cooked_salmon":2,"minecraft:bucket":1,"minecraft:spruce_fence":15,"minecraft:stone_axe":1,"minecraft:heavy_weighted_pressure_plate":4,"minecraft:air":0,"cfm:spruce_crate":2,"minecraft:wooden_hoe":1,"minecraft:stick":32,"minecraft:stone_pickaxe":1,"minecraft:stone_sword":1,"minecraft:chest":2}},"DataVersion":3120}