{"stats":{"minecraft:picked_up":{"minecraft:crafting_table":4,"minecraft:feather":1,"minecraft:chainmail_boots":1,"minecraft:chicken":3,"minecraft:clay_ball":5,"minecraft:redstone_lamp":1,"minecraft:brown_mushroom":4,"minecraft:wooden_pickaxe":1,"biomesoplenty:fir_log":8,"minecraft:golden_boots":1,"minecraft:brick":10,"simplyswords:iron_claymore":1,"minecraft:oak_log":6,"minecraft:brewing_stand":1,"minecraft:gunpowder":7,"minecraft:music_disc_cat":1,"minecraft:string":13,"minecraft:dirt":6,"minecraft:iron_axe":1,"minecraft:compass":2,"minecraft:bone":4,"minecraft:apple":5,"graveyard:corruption":2,"minecraft:gold_nugget":6,"minecraft:rabbit_hide":1,"minecraft:glass_bottle":4,"minecraft:iron_pickaxe":1,"minecraft:sugar_cane":14,"minecraft:chest":9,"minecraft:phantom_membrane":6,"minecraft:iron_boots":1,"minecraft:furnace":4,"biomesoplenty:toadstool":1,"minecraft:polished_andesite_stairs":1,"minecraft:stick":2,"minecraft:cooked_porkchop":9,"minecraft:bowl":2,"minecraft:torch":4,"minecraft:spruce_fence":3,"minecraft:porkchop":5,"minecraft:spruce_sapling":3,"minecraft:carrot":1,"minecraft:spruce_log":16,"minecraft:spider_eye":3,"alexsmobs:animal_dictionary":1,"minecraft:arrow":5,"minecraft:rotten_flesh":9,"minecraft:cooked_cod":1,"minecraft:shears":1,"minecraft:soul_lantern":3,"minecraft:polished_basalt":1,"sophisticatedbackpacks:copper_backpack":1,"minecraft:leather_horse_armor":1,"minecraft:iron_bars":2,"minecraft:white_wool":13,"minecraft:coal":26,"minecraft:blaze_powder":5,"cfm:spruce_crate":2,"minecraft:cobblestone":58},"minecraft:mined":{"minecraft:soul_lantern":2,"minecraft:torch":4,"minecraft:brewing_stand":1,"minecraft:crafting_table":4,"minecraft:polished_andesite_stairs":2,"minecraft:spruce_fence":3,"minecraft:grass_block":3,"minecraft:chest":9,"minecraft:sugar_cane":5,"cfm:spruce_crate":2,"minecraft:spawner":1,"minecraft:smooth_stone":1,"minecraft:large_fern":2,"minecraft:furnace":4,"biomesoplenty:toadstool":1,"minecraft:polished_basalt":1,"minecraft:spruce_log":16,"biomesoplenty:fir_log":8,"minecraft:grass":1,"minecraft:oak_log":6,"biomesoplenty:fir_leaves":1,"minecraft:iron_bars":2,"minecraft:dirt":3,"minecraft:cobweb":1,"minecraft:stone":41,"minecraft:redstone_lamp":2,"minecraft:fern":1},"minecraft:used":{"simplyswords:iron_claymore":19,"minecraft:stone_sword":41,"minecraft:stone_pickaxe":7,"minecraft:polished_basalt":1,"minecraft:shield":4,"minecraft:chest":5,"minecraft:wooden_pickaxe":41,"minecraft:iron_sword":68,"minecraft:sugar_cane":11,"minecraft:cooked_salmon":2,"minecraft:rotten_flesh":3,"minecraft:torch":7,"minecraft:dirt":2,"cfm:spruce_crate":4,"minecraft:crafting_table":3,"minecraft:carrot":6,"minecraft:white_bed":3,"minecraft:spruce_fence":20,"minecraft:wooden_hoe":1,"minecraft:apple":5,"minecraft:iron_axe":10,"minecraft:chicken":3,"minecraft:polished_andesite_stairs":1,"minecraft:iron_pickaxe":9,"biomesoplenty:toadstool":1,"minecraft:stone_axe":28,"minecraft:cooked_porkchop":5,"minecraft:furnace":4,"minecraft:cooked_cod":1,"minecraft:bucket":1},"minecraft:dropped":{"minecraft:iron_sword":1,"jet_and_elias_armors:the_dames_armor_chestplate":1,"minecraft:cooked_porkchop":13,"minecraft:clay_ball":5,"minecraft:apple":37,"minecraft:rabbit_hide":1,"minecraft:gunpowder":6,"minecraft:polished_basalt":3,"minecraft:stone_pickaxe":1,"minecraft:brick":10},"minecraft:killed":{"minecraft:pig":3,"graveyard:ghoul":1,"graveyard:revenant":3,"minecraft:spider":8,"minecraft:creeper":3,"minecraft:skeleton":3,"minecraft:zombie":5,"minecraft:chicken":3},"minecraft:killed_by":{"minecraft:player":1,"minecraft:zombie":1},"minecraft:custom":{"minecraft:interact_with_furnace":13,"minecraft:mob_kills":32,"minecraft:interact_with_crafting_table":22,"minecraft:damage_dealt_resisted":342,"minecraft:leave_game":2,"minecraft:time_since_death":36737,"minecraft:sleep_in_bed":2,"minecraft:time_since_rest":7956,"minecraft:sprint_one_cm":198763,"minecraft:damage_taken":1614,"minecraft:walk_one_cm":300970,"minecraft:damage_blocked_by_shield":95,"minecraft:drop":26,"minecraft:damage_dealt":6552,"minecraft:swim_one_cm":45435,"minecraft:fly_one_cm":282644,"minecraft:player_kills":1,"minecraft:open_chest":49,"minecraft:crouch_one_cm":1900,"minecraft:play_time":80841,"minecraft:deaths":3,"minecraft:sneak_time":1276,"minecraft:walk_under_water_one_cm":9268,"minecraft:jump":1234,"minecraft:walk_on_water_one_cm":11934,"minecraft:total_world_time":80841,"minecraft:fall_one_cm":25636},"minecraft:crafted":{"jet_and_elias_armors:the_dames_armor_chestplate":2,"minecraft:oak_planks":24,"minecraft:crafting_table":2,"minecraft:spruce_planks":48,"minecraft:wooden_pickaxe":1,"minecraft:furnace":2,"minecraft:cooked_salmon":2,"minecraft:bucket":1,"minecraft:spruce_fence":21,"minecraft:stone_axe":1,"minecraft:heavy_weighted_pressure_plate":8,"minecraft:air":0,"biomesoplenty:fir_planks":32,"cfm:spruce_crate":2,"minecraft:wooden_hoe":1,"minecraft:stick":36,"minecraft:stone_pickaxe":1,"minecraft:stone_sword":1,"minecraft:chest":2,"minecraft:white_bed":3,"minecraft:torch":4}},"DataVersion":3120}