{"stats":{"minecraft:picked_up":{"minecraft:crafting_table":4,"minecraft:iron_chestplate":1,"minecraft:wheat":7,"minecraft:redstone_block":1,"minecraft:chainmail_boots":1,"minecraft:chicken":3,"minecraft:clay_ball":5,"minecraft:redstone_lamp":3,"minecraft:brown_mushroom":4,"minecraft:wooden_pickaxe":1,"minecraft:enchanted_book":1,"minecraft:potion":3,"minecraft:brewing_stand":1,"minecraft:brick":10,"minecraft:music_disc_cat":3,"minecraft:string":24,"minecraft:iron_axe":1,"minecraft:compass":2,"graveyard:corruption":2,"minecraft:cracked_stone_bricks":54,"minecraft:gold_nugget":6,"minecraft:music_disc_otherside":1,"minecraft:iron_pickaxe":1,"minecraft:sugar_cane":21,"minecraft:chest":17,"minecraft:phantom_membrane":11,"minecraft:furnace":4,"minecraft:iron_boots":3,"minecraft:tipped_arrow":5,"minecraft:stick":2,"minecraft:torch":14,"minecraft:bowl":2,"minecraft:spruce_fence":3,"minecraft:porkchop":5,"minecraft:carrot":1,"minecraft:redstone":2,"minecraft:iron_horse_armor":1,"minecraft:quartz_block":6,"minecraft:arrow":16,"minecraft:rotten_flesh":29,"minecraft:cooked_cod":1,"minecraft:shears":2,"minecraft:polished_basalt":3,"minecraft:saddle":1,"sophisticatedbackpacks:copper_backpack":1,"minecraft:leather_horse_armor":1,"minecraft:iron_bars":4,"minecraft:blaze_powder":5,"minecraft:white_wool":13,"minecraft:cobblestone":103,"minecraft:feather":1,"minecraft:cooked_beef":4,"minecraft:potato":3,"biomesoplenty:fir_log":8,"minecraft:flint":5,"simplyswords:iron_claymore":2,"minecraft:oak_log":6,"minecraft:golden_boots":1,"minecraft:gunpowder":10,"minecraft:lapis_lazuli":4,"minecraft:dirt":6,"minecraft:bone":35,"minecraft:apple":5,"minecraft:stone_bricks":1,"minecraft:bow":1,"minecraft:rabbit_hide":1,"minecraft:iron_ingot":39,"minecraft:cobweb":4,"minecraft:mossy_stone_bricks":1,"minecraft:glass_bottle":7,"minecraft:oak_planks":1,"minecraft:mossy_stone_brick_stairs":1,"minecraft:book":5,"biomesoplenty:toadstool":1,"minecraft:polished_andesite_stairs":1,"minecraft:cooked_porkchop":9,"minecraft:spruce_sapling":3,"minecraft:spruce_log":16,"minecraft:spider_eye":7,"alexsmobs:animal_dictionary":1,"minecraft:pumpkin_seeds":5,"minecraft:diamond":1,"minecraft:soul_lantern":3,"minecraft:iron_helmet":1,"minecraft:golden_apple":1,"minecraft:mossy_cobblestone_stairs":1,"minecraft:coal":36,"cfm:spruce_crate":2,"minecraft:ender_pearl":2},"minecraft:mined":{"minecraft:brewing_stand":1,"minecraft:grass_block":3,"minecraft:spruce_fence":3,"minecraft:spawner":8,"minecraft:large_fern":2,"minecraft:smooth_stone":1,"minecraft:furnace":4,"minecraft:mossy_cobblestone_stairs":1,"biomesoplenty:toadstool":1,"minecraft:polished_basalt":3,"minecraft:mossy_stone_brick_stairs":1,"minecraft:iron_bars":4,"minecraft:stone":102,"minecraft:quartz_block":6,"minecraft:soul_lantern":2,"minecraft:crafting_table":4,"minecraft:torch":10,"minecraft:polished_andesite_stairs":2,"minecraft:chest":17,"minecraft:cobblestone":3,"minecraft:oak_planks":2,"cfm:spruce_crate":2,"minecraft:sugar_cane":5,"minecraft:wall_torch":1,"minecraft:spruce_log":16,"biomesoplenty:fir_log":8,"minecraft:grass":1,"minecraft:oak_log":6,"biomesoplenty:fir_leaves":1,"minecraft:dirt":3,"minecraft:cobweb":2,"minecraft:cracked_stone_bricks":1,"minecraft:stone_bricks":1,"minecraft:mossy_stone_bricks":1,"minecraft:fern":1,"minecraft:redstone_lamp":3},"minecraft:used":{"minecraft:stone_sword":41,"simplyswords:iron_claymore":136,"minecraft:polished_basalt":2,"minecraft:chest":5,"minecraft:shield":45,"minecraft:iron_sword":68,"minecraft:cooked_salmon":2,"minecraft:rotten_flesh":3,"minecraft:torch":53,"minecraft:dirt":2,"minecraft:carrot":6,"minecraft:spruce_fence":20,"minecraft:iron_axe":23,"minecraft:polished_andesite_stairs":1,"minecraft:quartz_block":6,"minecraft:furnace":4,"minecraft:cooked_cod":1,"minecraft:cooked_beef":23,"minecraft:stone_pickaxe":7,"minecraft:oak_planks":1,"minecraft:wooden_pickaxe":41,"minecraft:mossy_stone_brick_stairs":1,"minecraft:sugar_cane":11,"minecraft:cracked_stone_bricks":17,"cfm:spruce_crate":4,"minecraft:crafting_table":3,"minecraft:white_bed":3,"minecraft:wooden_hoe":1,"minecraft:apple":5,"minecraft:chicken":3,"minecraft:iron_pickaxe":98,"biomesoplenty:toadstool":1,"minecraft:stone_axe":28,"minecraft:cobblestone":3,"minecraft:potion":1,"minecraft:cooked_porkchop":5,"minecraft:bucket":1},"minecraft:dropped":{"minecraft:iron_sword":1,"minecraft:cooked_beef":20,"minecraft:golden_horse_armor":1,"minecraft:cooked_porkchop":13,"minecraft:apple":37,"minecraft:flint":5,"minecraft:cobweb":3,"minecraft:polished_basalt":4,"minecraft:mossy_cobblestone_stairs":1,"minecraft:music_disc_cat":1,"minecraft:bone":3,"jet_and_elias_armors:the_dames_armor_chestplate":1,"minecraft:rotten_flesh":6,"minecraft:clay_ball":5,"minecraft:iron_boots":1,"minecraft:pumpkin_seeds":2,"minecraft:rabbit_hide":1,"minecraft:tipped_arrow":5,"minecraft:gunpowder":7,"minecraft:mossy_stone_bricks":1,"minecraft:arrow":7,"minecraft:stone_pickaxe":1,"minecraft:brick":10},"minecraft:killed":{"minecraft:cave_spider":4,"graveyard:revenant":3,"minecraft:spider":15,"minecraft:skeleton":4,"minecraft:chicken":3,"minecraft:pig":3,"graveyard:ghoul":2,"minecraft:creeper":3,"minecraft:zombie":16,"minecraft:stray":8},"minecraft:killed_by":{"minecraft:player":1,"minecraft:stray":1,"minecraft:zombie":1},"minecraft:custom":{"minecraft:mob_kills":71,"minecraft:interact_with_crafting_table":22,"minecraft:damage_dealt_resisted":342,"minecraft:leave_game":2,"minecraft:time_since_death":30791,"minecraft:sprint_one_cm":313065,"minecraft:walk_one_cm":416886,"minecraft:damage_blocked_by_shield":1738,"minecraft:drop":64,"minecraft:play_time":116841,"minecraft:deaths":4,"minecraft:sneak_time":1785,"minecraft:walk_under_water_one_cm":14572,"minecraft:jump":1517,"minecraft:walk_on_water_one_cm":16909,"minecraft:total_world_time":116841,"minecraft:interact_with_furnace":13,"minecraft:sleep_in_bed":2,"minecraft:time_since_rest":30824,"minecraft:damage_taken":3480,"minecraft:damage_dealt":13232,"minecraft:swim_one_cm":45435,"minecraft:player_kills":1,"minecraft:fly_one_cm":321117,"minecraft:open_chest":81,"minecraft:crouch_one_cm":2398,"minecraft:fall_one_cm":28794},"minecraft:crafted":{"jet_and_elias_armors:the_dames_armor_chestplate":2,"minecraft:oak_planks":24,"minecraft:furnace":2,"minecraft:spruce_fence":21,"minecraft:heavy_weighted_pressure_plate":8,"cfm:spruce_crate":2,"minecraft:stone_pickaxe":1,"minecraft:chest":2,"minecraft:crafting_table":2,"minecraft:spruce_planks":48,"minecraft:wooden_pickaxe":1,"minecraft:cooked_salmon":2,"minecraft:bucket":1,"minecraft:stone_axe":1,"minecraft:air":0,"biomesoplenty:fir_planks":32,"minecraft:wooden_hoe":1,"minecraft:stick":36,"minecraft:stone_sword":1,"minecraft:white_bed":3,"minecraft:torch":4}},"DataVersion":3120}