{"stats":{"minecraft:picked_up":{"minecraft:crafting_table":4,"minecraft:wooden_pickaxe":1,"minecraft:gunpowder":7,"minecraft:string":6,"minecraft:dirt":5,"minecraft:bone":4,"graveyard:corruption":2,"minecraft:sugar_cane":11,"minecraft:chest":4,"minecraft:iron_boots":1,"minecraft:furnace":4,"biomesoplenty:toadstool":1,"minecraft:stick":1,"minecraft:cooked_porkchop":9,"minecraft:spruce_fence":3,"minecraft:porkchop":5,"minecraft:spruce_sapling":3,"minecraft:carrot":1,"minecraft:spruce_log":16,"minecraft:spider_eye":1,"alexsmobs:animal_dictionary":1,"minecraft:arrow":4,"minecraft:rotten_flesh":6,"minecraft:cooked_cod":1,"minecraft:soul_lantern":3,"minecraft:polished_basalt":1,"sophisticatedbackpacks:copper_backpack":1,"minecraft:coal":26,"minecraft:blaze_powder":5,"cfm:spruce_crate":2,"minecraft:cobblestone":58},"minecraft:mined":{"minecraft:soul_lantern":2,"minecraft:crafting_table":4,"minecraft:spruce_fence":3,"minecraft:grass_block":2,"minecraft:chest":4,"minecraft:sugar_cane":5,"cfm:spruce_crate":2,"minecraft:large_fern":2,"minecraft:furnace":4,"biomesoplenty:toadstool":1,"minecraft:polished_basalt":1,"minecraft:spruce_log":16,"minecraft:dirt":3,"minecraft:cobweb":1,"minecraft:stone":41},"minecraft:used":{"minecraft:stone_sword":41,"minecraft:stone_pickaxe":7,"minecraft:polished_basalt":1,"minecraft:shield":4,"minecraft:chest":4,"minecraft:wooden_pickaxe":41,"minecraft:iron_sword":68,"minecraft:cooked_salmon":2,"minecraft:dirt":1,"cfm:spruce_crate":4,"minecraft:crafting_table":1,"minecraft:carrot":1,"minecraft:spruce_fence":20,"minecraft:wooden_hoe":1,"minecraft:apple":5,"biomesoplenty:toadstool":1,"minecraft:stone_axe":14,"minecraft:cooked_porkchop":5,"minecraft:furnace":4,"minecraft:cooked_cod":1,"minecraft:bucket":1},"minecraft:dropped":{"jet_and_elias_armors:the_dames_armor_chestplate":1,"minecraft:cooked_porkchop":13,"minecraft:apple":24,"minecraft:gunpowder":4,"minecraft:polished_basalt":3,"minecraft:stone_pickaxe":1},"minecraft:killed":{"minecraft:pig":3,"graveyard:ghoul":1,"graveyard:revenant":3,"minecraft:spider":4,"minecraft:creeper":3,"minecraft:skeleton":3,"minecraft:zombie":4},"minecraft:killed_by":{"minecraft:player":1,"minecraft:zombie":1},"minecraft:custom":{"minecraft:interact_with_furnace":12,"minecraft:mob_kills":24,"minecraft:interact_with_crafting_table":18,"minecraft:damage_dealt_resisted":342,"minecraft:leave_game":2,"minecraft:time_since_death":12737,"minecraft:time_since_rest":12766,"minecraft:sprint_one_cm":114043,"minecraft:damage_taken":1464,"minecraft:walk_one_cm":194338,"minecraft:damage_blocked_by_shield":95,"minecraft:drop":20,"minecraft:damage_dealt":5814,"minecraft:swim_one_cm":29525,"minecraft:fly_one_cm":208421,"minecraft:player_kills":1,"minecraft:open_chest":29,"minecraft:crouch_one_cm":471,"minecraft:play_time":56841,"minecraft:deaths":3,"minecraft:sneak_time":658,"minecraft:walk_under_water_one_cm":7674,"minecraft:jump":816,"minecraft:walk_on_water_one_cm":5760,"minecraft:total_world_time":56841,"minecraft:fall_one_cm":15954},"minecraft:crafted":{"jet_and_elias_armors:the_dames_armor_chestplate":2,"minecraft:spruce_planks":48,"minecraft:wooden_pickaxe":1,"minecraft:furnace":2,"minecraft:cooked_salmon":2,"minecraft:bucket":1,"minecraft:spruce_fence":21,"minecraft:stone_axe":1,"minecraft:heavy_weighted_pressure_plate":8,"minecraft:air":0,"cfm:spruce_crate":2,"minecraft:wooden_hoe":1,"minecraft:stick":32,"minecraft:stone_pickaxe":1,"minecraft:stone_sword":1,"minecraft:chest":2}},"DataVersion":3120}