{"stats":{"minecraft:picked_up":{"minecraft:crafting_table":4,"minecraft:feather":1,"minecraft:chicken":3,"minecraft:wooden_pickaxe":1,"biomesoplenty:fir_log":6,"simplyswords:iron_claymore":1,"minecraft:gunpowder":7,"minecraft:string":6,"minecraft:dirt":6,"minecraft:iron_axe":1,"minecraft:bone":4,"graveyard:corruption":2,"minecraft:iron_pickaxe":1,"minecraft:sugar_cane":11,"minecraft:chest":5,"minecraft:iron_boots":1,"minecraft:furnace":4,"biomesoplenty:toadstool":1,"minecraft:stick":2,"minecraft:cooked_porkchop":9,"minecraft:spruce_fence":3,"minecraft:porkchop":5,"minecraft:spruce_sapling":3,"minecraft:carrot":1,"minecraft:spruce_log":16,"minecraft:spider_eye":1,"alexsmobs:animal_dictionary":1,"minecraft:arrow":5,"minecraft:rotten_flesh":6,"minecraft:cooked_cod":1,"minecraft:shears":1,"minecraft:soul_lantern":3,"minecraft:polished_basalt":1,"sophisticatedbackpacks:copper_backpack":1,"minecraft:white_wool":2,"minecraft:coal":26,"minecraft:blaze_powder":5,"cfm:spruce_crate":2,"minecraft:cobblestone":58},"minecraft:mined":{"minecraft:soul_lantern":2,"minecraft:crafting_table":4,"minecraft:spruce_fence":3,"minecraft:grass_block":3,"minecraft:chest":5,"minecraft:sugar_cane":5,"cfm:spruce_crate":2,"minecraft:large_fern":2,"minecraft:furnace":4,"biomesoplenty:toadstool":1,"minecraft:polished_basalt":1,"minecraft:spruce_log":16,"biomesoplenty:fir_log":7,"minecraft:grass":1,"biomesoplenty:fir_leaves":1,"minecraft:dirt":3,"minecraft:cobweb":1,"minecraft:stone":41},"minecraft:used":{"minecraft:stone_sword":41,"minecraft:stone_pickaxe":7,"minecraft:polished_basalt":1,"minecraft:shield":4,"minecraft:chest":4,"minecraft:wooden_pickaxe":41,"minecraft:iron_sword":68,"minecraft:sugar_cane":11,"minecraft:cooked_salmon":2,"minecraft:rotten_flesh":3,"minecraft:dirt":2,"cfm:spruce_crate":4,"minecraft:crafting_table":1,"minecraft:carrot":1,"minecraft:spruce_fence":20,"minecraft:wooden_hoe":1,"minecraft:apple":5,"minecraft:chicken":3,"biomesoplenty:toadstool":1,"minecraft:stone_axe":27,"minecraft:cooked_porkchop":5,"minecraft:furnace":4,"minecraft:cooked_cod":1,"minecraft:bucket":1},"minecraft:dropped":{"minecraft:iron_sword":1,"jet_and_elias_armors:the_dames_armor_chestplate":1,"minecraft:cooked_porkchop":13,"minecraft:apple":24,"minecraft:gunpowder":4,"minecraft:polished_basalt":3,"minecraft:stone_pickaxe":1},"minecraft:killed":{"minecraft:pig":3,"graveyard:ghoul":1,"graveyard:revenant":3,"minecraft:spider":4,"minecraft:creeper":3,"minecraft:skeleton":3,"minecraft:zombie":4,"minecraft:chicken":3},"minecraft:killed_by":{"minecraft:player":1,"minecraft:zombie":1},"minecraft:custom":{"minecraft:interact_with_furnace":13,"minecraft:mob_kills":28,"minecraft:interact_with_crafting_table":18,"minecraft:damage_dealt_resisted":342,"minecraft:leave_game":2,"minecraft:time_since_death":24737,"minecraft:time_since_rest":24766,"minecraft:sprint_one_cm":167221,"minecraft:damage_taken":1484,"minecraft:walk_one_cm":241234,"minecraft:damage_blocked_by_shield":95,"minecraft:drop":21,"minecraft:damage_dealt":5934,"minecraft:swim_one_cm":44191,"minecraft:fly_one_cm":266109,"minecraft:player_kills":1,"minecraft:open_chest":33,"minecraft:crouch_one_cm":471,"minecraft:play_time":68841,"minecraft:deaths":3,"minecraft:sneak_time":664,"minecraft:walk_under_water_one_cm":8400,"minecraft:jump":1138,"minecraft:walk_on_water_one_cm":5998,"minecraft:total_world_time":68841,"minecraft:fall_one_cm":23700},"minecraft:crafted":{"jet_and_elias_armors:the_dames_armor_chestplate":2,"minecraft:spruce_planks":48,"minecraft:wooden_pickaxe":1,"minecraft:furnace":2,"minecraft:cooked_salmon":2,"minecraft:bucket":1,"minecraft:spruce_fence":21,"minecraft:stone_axe":1,"minecraft:heavy_weighted_pressure_plate":8,"minecraft:air":0,"cfm:spruce_crate":2,"minecraft:wooden_hoe":1,"minecraft:stick":32,"minecraft:stone_pickaxe":1,"minecraft:stone_sword":1,"minecraft:chest":2}},"DataVersion":3120}