{"stats":{"minecraft:picked_up":{"minecraft:crafting_table":4,"minecraft:iron_chestplate":3,"minecraft:wheat":7,"minecraft:redstone_block":6,"minecraft:chainmail_boots":1,"minecraft:chicken":3,"minecraft:clay_ball":5,"minecraft:redstone_lamp":5,"minecraft:brown_mushroom":4,"minecraft:diamond_sword":1,"minecraft:wooden_pickaxe":1,"minecraft:enchanted_book":1,"minecraft:potion":4,"minecraft:brewing_stand":2,"minecraft:shield":1,"minecraft:brick":10,"minecraft:music_disc_cat":3,"minecraft:string":46,"minecraft:iron_axe":3,"minecraft:iron_leggings":1,"minecraft:compass":2,"armorplus:wither_bone":29,"graveyard:corruption":8,"minecraft:cracked_stone_bricks":64,"minecraft:gold_nugget":19,"minecraft:music_disc_otherside":2,"minecraft:melon_slice":7,"minecraft:iron_pickaxe":1,"minecraft:coal_block":7,"minecraft:sugar_cane":31,"minecraft:chest":21,"minecraft:phantom_membrane":11,"minecraft:furnace":4,"minecraft:iron_boots":5,"minecraft:raw_iron":6,"minecraft:tipped_arrow":6,"minecraft:stick":13,"minecraft:torch":97,"minecraft:bowl":2,"minecraft:spruce_fence":3,"minecraft:porkchop":5,"minecraft:carrot":13,"minecraft:redstone":3,"minecraft:golden_chestplate":2,"minecraft:iron_horse_armor":1,"minecraft:stone_pressure_plate":1,"minecraft:quartz_block":9,"minecraft:arrow":30,"minecraft:rotten_flesh":104,"minecraft:cooked_cod":1,"minecraft:nether_bricks":1,"minecraft:shears":2,"minecraft:polished_basalt":3,"minecraft:saddle":2,"sophisticatedbackpacks:copper_backpack":1,"minecraft:leather_horse_armor":1,"minecraft:rail":2,"minecraft:iron_bars":9,"minecraft:blaze_powder":5,"minecraft:white_wool":13,"minecraft:cobblestone":220,"minecraft:leather_chestplate":1,"minecraft:feather":1,"minecraft:cooked_beef":8,"minecraft:iron_door":2,"minecraft:andesite":1,"minecraft:potato":19,"biomesoplenty:fir_log":8,"minecraft:flint":7,"simplyswords:iron_claymore":2,"minecraft:oak_log":6,"minecraft:chainmail_chestplate":1,"minecraft:golden_boots":2,"minecraft:gunpowder":32,"minecraft:paper":4,"minecraft:lapis_lazuli":13,"minecraft:dirt":13,"minecraft:bone":97,"minecraft:apple":5,"minecraft:stone_bricks":1,"minecraft:bow":3,"minecraft:rabbit_hide":1,"minecraft:iron_ingot":39,"minecraft:cobweb":4,"minecraft:glowstone_dust":4,"minecraft:mossy_stone_bricks":4,"minecraft:glass_bottle":8,"minecraft:iron_sword":1,"minecraft:soul_sand":19,"minecraft:oak_planks":19,"minecraft:mossy_stone_brick_stairs":2,"armorplus:frost_shard":12,"minecraft:book":19,"biomesoplenty:toadstool":1,"minecraft:polished_andesite_stairs":1,"minecraft:cooked_porkchop":10,"minecraft:chiseled_stone_bricks":1,"minecraft:gravel":2,"minecraft:spruce_sapling":3,"minecraft:grass_block":1,"minecraft:spruce_log":16,"minecraft:fermented_spider_eye":2,"minecraft:spider_eye":9,"alexsmobs:animal_dictionary":1,"minecraft:mossy_cobblestone":6,"minecraft:polished_andesite":3,"minecraft:pumpkin_seeds":5,"minecraft:diamond":2,"minecraft:soul_lantern":3,"minecraft:iron_helmet":1,"minecraft:golden_apple":1,"minecraft:mossy_cobblestone_stairs":2,"minecraft:netherrack":1,"minecraft:coal":77,"cfm:spruce_crate":2,"minecraft:ender_pearl":7},"minecraft:mined":{"minecraft:stone_pressure_plate":1,"minecraft:mossy_cobblestone":2,"minecraft:brewing_stand":1,"minecraft:nether_bricks":1,"minecraft:grass_block":3,"minecraft:spruce_fence":3,"minecraft:coal_block":2,"armorplus:ore_frost_crystal_stone":8,"minecraft:chiseled_stone_bricks":1,"minecraft:spawner":18,"minecraft:large_fern":2,"minecraft:smooth_stone":1,"minecraft:glowstone":1,"minecraft:furnace":4,"minecraft:carrots":3,"minecraft:mossy_cobblestone_stairs":2,"biomesoplenty:toadstool":1,"minecraft:polished_basalt":3,"minecraft:iron_ore":6,"minecraft:andesite":1,"minecraft:mossy_stone_brick_stairs":1,"minecraft:bookshelf":2,"minecraft:potatoes":3,"minecraft:vine":14,"minecraft:iron_bars":10,"minecraft:stone":236,"minecraft:redstone_block":5,"minecraft:quartz_block":9,"minecraft:soul_sand":18,"minecraft:soul_lantern":2,"minecraft:crafting_table":4,"minecraft:torch":14,"minecraft:melon":1,"minecraft:polished_andesite_stairs":2,"minecraft:chest":17,"minecraft:cobblestone":4,"minecraft:oak_planks":3,"cfm:spruce_crate":2,"minecraft:sugar_cane":5,"minecraft:iron_door":2,"minecraft:wall_torch":4,"minecraft:spruce_log":16,"biomesoplenty:fir_log":8,"minecraft:grass":6,"minecraft:oak_log":6,"biomesoplenty:fir_leaves":1,"minecraft:gravel":1,"minecraft:dirt":4,"minecraft:cobweb":2,"minecraft:cracked_stone_bricks":9,"minecraft:polished_andesite":3,"minecraft:stone_bricks":1,"minecraft:netherrack":1,"minecraft:mossy_stone_bricks":2,"minecraft:fern":2,"minecraft:redstone_lamp":5},"minecraft:broken":{"minecraft:golden_boots":1,"simplyswords:iron_claymore":1},"minecraft:used":{"minecraft:stone_sword":41,"simplyswords:iron_claymore":254,"minecraft:polished_basalt":2,"minecraft:chest":19,"minecraft:shield":74,"minecraft:iron_sword":286,"minecraft:cooked_salmon":2,"minecraft:rotten_flesh":8,"minecraft:torch":121,"minecraft:soul_sand":3,"minecraft:dirt":2,"minecraft:carrot":7,"minecraft:spruce_fence":20,"minecraft:mossy_cobblestone_stairs":1,"minecraft:grass_block":1,"minecraft:iron_axe":47,"minecraft:polished_andesite_stairs":1,"minecraft:quartz_block":6,"minecraft:furnace":4,"minecraft:cooked_cod":1,"minecraft:stone_pressure_plate":1,"minecraft:cooked_beef":53,"minecraft:polished_andesite":1,"minecraft:stone_pickaxe":7,"minecraft:oak_planks":1,"minecraft:wooden_pickaxe":41,"minecraft:mossy_stone_brick_stairs":2,"minecraft:sugar_cane":11,"minecraft:cracked_stone_bricks":61,"minecraft:mossy_cobblestone":2,"cfm:spruce_crate":4,"minecraft:crafting_table":3,"minecraft:white_bed":3,"minecraft:wooden_hoe":1,"minecraft:apple":5,"minecraft:chicken":3,"minecraft:iron_pickaxe":298,"minecraft:gravel":1,"biomesoplenty:toadstool":1,"minecraft:stone_axe":28,"minecraft:chiseled_stone_bricks":1,"minecraft:cobblestone":3,"minecraft:potion":1,"minecraft:cooked_porkchop":5,"minecraft:bucket":1,"biomesoplenty:fir_log":2},"minecraft:dropped":{"minecraft:iron_sword":1,"minecraft:cooked_beef":24,"minecraft:golden_horse_armor":1,"minecraft:cooked_porkchop":13,"minecraft:apple":37,"minecraft:rail":2,"minecraft:golden_apple":1,"minecraft:polished_andesite":2,"minecraft:stick":8,"minecraft:flint":5,"minecraft:cobweb":3,"minecraft:dirt":1,"minecraft:polished_basalt":4,"minecraft:mossy_cobblestone_stairs":1,"minecraft:music_disc_cat":2,"minecraft:bone":3,"jet_and_elias_armors:the_dames_armor_chestplate":1,"minecraft:rotten_flesh":6,"minecraft:clay_ball":5,"minecraft:iron_boots":1,"minecraft:pumpkin_seeds":2,"minecraft:rabbit_hide":1,"minecraft:tipped_arrow":5,"minecraft:gunpowder":25,"minecraft:quartz_block":3,"minecraft:mossy_stone_bricks":1,"minecraft:spider_eye":1,"minecraft:arrow":7,"minecraft:stone_pickaxe":1,"minecraft:brick":10},"minecraft:killed":{"minecraft:cave_spider":4,"minecraft:witch":1,"graveyard:revenant":25,"minecraft:spider":17,"minecraft:skeleton":6,"minecraft:chicken":3,"minecraft:pig":4,"graveyard:ghoul":15,"minecraft:creeper":6,"minecraft:zombie":32,"minecraft:stray":14,"minecraft:wither_skeleton":10,"minecraft:enderman":1},"minecraft:killed_by":{"minecraft:player":1,"minecraft:stray":2,"minecraft:zombie":1},"minecraft:custom":{"minecraft:mob_kills":151,"minecraft:animals_bred":1,"minecraft:interact_with_crafting_table":22,"minecraft:damage_dealt_resisted":631,"minecraft:leave_game":2,"minecraft:time_since_death":54019,"minecraft:climb_one_cm":4504,"minecraft:sprint_one_cm":487149,"minecraft:walk_one_cm":716086,"minecraft:damage_blocked_by_shield":2929,"minecraft:drop":79,"minecraft:damage_dealt_absorbed":40,"minecraft:play_time":200841,"minecraft:deaths":5,"minecraft:sneak_time":4676,"minecraft:walk_under_water_one_cm":31483,"minecraft:jump":2597,"minecraft:walk_on_water_one_cm":34514,"minecraft:total_world_time":200841,"minecraft:interact_with_furnace":13,"minecraft:sleep_in_bed":3,"minecraft:time_since_rest":16226,"minecraft:damage_taken":6417,"minecraft:damage_dealt":30152,"minecraft:swim_one_cm":60016,"minecraft:player_kills":1,"minecraft:fly_one_cm":460275,"minecraft:open_chest":137,"minecraft:crouch_one_cm":5820,"minecraft:fall_one_cm":38962},"minecraft:crafted":{"jet_and_elias_armors:the_dames_armor_chestplate":2,"minecraft:oak_planks":24,"minecraft:furnace":2,"minecraft:spruce_fence":21,"minecraft:heavy_weighted_pressure_plate":8,"cfm:spruce_crate":2,"minecraft:stone_pickaxe":1,"minecraft:chest":2,"minecraft:crafting_table":2,"minecraft:spruce_planks":48,"minecraft:wooden_pickaxe":1,"minecraft:cooked_salmon":2,"minecraft:bucket":1,"minecraft:stone_axe":1,"minecraft:air":0,"biomesoplenty:fir_planks":32,"minecraft:wooden_hoe":1,"minecraft:stick":36,"minecraft:iron_pickaxe":1,"minecraft:stone_sword":1,"minecraft:white_bed":3,"minecraft:torch":4}},"DataVersion":3120}