{"stats":{"minecraft:picked_up":{"minecraft:leather":4,"minecraft:shield":1,"minecraft:gunpowder":2,"minecraft:dirt":4,"minecraft:iron_axe":2,"minecraft:bone":5,"graveyard:corruption":3,"minecraft:gray_terracotta":1,"minecraft:wheat_seeds":3,"minecraft:cobbled_deepslate":1,"minecraft:beef":4,"minecraft:stick":6,"minecraft:sandstone":4,"minecraft:cooked_porkchop":4,"minecraft:spruce_fence":1,"minecraft:porkchop":1,"minecraft:sand":28,"minecraft:dried_kelp":14,"minecraft:spruce_sapling":6,"minecraft:spruce_log":4,"minecraft:arrow":2,"minecraft:rotten_flesh":3,"minecraft:cooked_cod":1,"minecraft:polished_basalt":2,"alexsmobs:maggot":2,"minecraft:coal":5,"minecraft:cobblestone":43},"minecraft:mined":{"minecraft:grass_block":3,"minecraft:spruce_fence":1,"minecraft:spruce_leaves":3,"minecraft:sandstone":1,"minecraft:large_fern":9,"minecraft:spruce_sapling":2,"minecraft:polished_basalt":1,"minecraft:spruce_log":4,"minecraft:grass":1,"minecraft:coal_ore":4,"minecraft:stone":44,"minecraft:deepslate":1,"minecraft:fern":10},"minecraft:used":{"minecraft:stone_sword":14,"minecraft:stone_pickaxe":50,"minecraft:dried_kelp":14,"minecraft:polished_basalt":2,"minecraft:wooden_pickaxe":3,"minecraft:sandstone":3,"minecraft:rotten_flesh":3,"minecraft:torch":4,"minecraft:spruce_fence":1,"alexsmobs:maggot":2,"minecraft:iron_axe":17,"minecraft:spruce_sapling":5,"minecraft:stone_axe":24,"minecraft:cooked_porkchop":2,"alexsmobs:animal_dictionary":1,"minecraft:cooked_beef":4,"minecraft:cobbled_deepslate":1},"minecraft:dropped":{"minecraft:cooked_porkchop":2,"minecraft:gunpowder":2,"minecraft:cooked_cod":1,"minecraft:iron_axe":1},"minecraft:killed":{"minecraft:pig":1,"graveyard:ghoul":2,"minecraft:zombie_villager":1,"minecraft:creeper":1,"minecraft:skeleton":3,"alexsmobs:orca":1,"minecraft:zombie":2,"alexsmobs:fly":1,"alexsmobs:crow":1,"minecraft:cow":2},"minecraft:killed_by":{"minecraft:skeleton":1},"minecraft:custom":{"minecraft:interact_with_furnace":12,"minecraft:mob_kills":15,"minecraft:interact_with_crafting_table":7,"minecraft:time_since_death":21306,"minecraft:time_since_rest":21349,"minecraft:sprint_one_cm":27455,"minecraft:damage_taken":1225,"minecraft:walk_one_cm":312886,"minecraft:drop":6,"minecraft:damage_dealt":2962,"minecraft:swim_one_cm":24197,"minecraft:fly_one_cm":23611,"minecraft:open_chest":13,"minecraft:crouch_one_cm":1680,"minecraft:play_time":49160,"minecraft:deaths":1,"minecraft:sneak_time":613,"minecraft:walk_under_water_one_cm":20414,"minecraft:jump":612,"minecraft:walk_on_water_one_cm":23185,"minecraft:total_world_time":49160,"minecraft:fall_one_cm":9144},"minecraft:crafted":{"minecraft:cooked_beef":4,"minecraft:crafting_table":1,"minecraft:spruce_planks":16,"minecraft:wooden_pickaxe":1,"minecraft:stone_axe":1,"minecraft:air":0,"minecraft:stick":8,"minecraft:stone_pickaxe":1,"minecraft:stone_sword":1,"minecraft:torch":4}},"DataVersion":3120}