{"stats":{"minecraft:picked_up":{"minecraft:cooked_porkchop":4,"minecraft:leather":4,"minecraft:spruce_fence":1,"minecraft:porkchop":1,"minecraft:sand":28,"minecraft:spruce_sapling":6,"minecraft:spruce_log":4,"minecraft:gunpowder":2,"minecraft:dirt":3,"graveyard:corruption":3,"minecraft:wheat_seeds":3,"minecraft:beef":4,"minecraft:coal":5,"minecraft:cobblestone":43},"minecraft:mined":{"minecraft:large_fern":9,"minecraft:spruce_sapling":2,"minecraft:spruce_log":4,"minecraft:grass":1,"minecraft:spruce_fence":1,"minecraft:coal_ore":4,"minecraft:grass_block":2,"minecraft:spruce_leaves":3,"minecraft:stone":44,"minecraft:fern":10},"minecraft:used":{"minecraft:stone_pickaxe":47,"minecraft:wooden_pickaxe":3,"minecraft:spruce_sapling":5,"minecraft:stone_axe":12,"minecraft:torch":2,"minecraft:cooked_porkchop":2,"alexsmobs:animal_dictionary":1,"minecraft:spruce_fence":1},"minecraft:dropped":{"minecraft:gunpowder":2,"minecraft:cooked_porkchop":2},"minecraft:killed":{"minecraft:pig":1,"minecraft:creeper":1,"minecraft:cow":2},"minecraft:custom":{"minecraft:time_since_rest":25160,"minecraft:interact_with_furnace":3,"minecraft:sprint_one_cm":13793,"minecraft:damage_taken":270,"minecraft:walk_one_cm":177159,"minecraft:mob_kills":4,"minecraft:drop":4,"minecraft:damage_dealt":739,"minecraft:interact_with_crafting_table":6,"minecraft:fly_one_cm":11874,"minecraft:open_chest":10,"minecraft:crouch_one_cm":708,"minecraft:play_time":25160,"minecraft:sneak_time":137,"minecraft:walk_under_water_one_cm":1525,"minecraft:jump":355,"minecraft:walk_on_water_one_cm":6538,"minecraft:time_since_death":25160,"minecraft:total_world_time":25160,"minecraft:fall_one_cm":4738},"minecraft:crafted":{"minecraft:crafting_table":1,"minecraft:stick":8,"minecraft:spruce_planks":16,"minecraft:wooden_pickaxe":1,"minecraft:stone_pickaxe":1,"minecraft:stone_sword":1,"minecraft:torch":4,"minecraft:stone_axe":1}},"DataVersion":3120}