{"stats":{"minecraft:picked_up":{"graveyard:corruption":3,"minecraft:porkchop":1,"minecraft:gunpowder":2,"minecraft:sand":28,"minecraft:spruce_sapling":1,"minecraft:spruce_log":4,"minecraft:dirt":3,"minecraft:coal":5,"minecraft:cobblestone":43},"minecraft:mined":{"minecraft:grass_block":2,"minecraft:coal_ore":4,"minecraft:spruce_leaves":2,"minecraft:spruce_log":4,"minecraft:stone":44},"minecraft:used":{"minecraft:stone_axe":5,"minecraft:torch":2,"minecraft:stone_pickaxe":47,"alexsmobs:animal_dictionary":1,"minecraft:wooden_pickaxe":3,"minecraft:spruce_sapling":1},"minecraft:dropped":{"minecraft:gunpowder":2},"minecraft:killed":{"minecraft:pig":1,"minecraft:creeper":1},"minecraft:custom":{"minecraft:time_since_rest":13160,"minecraft:open_chest":6,"minecraft:play_time":13160,"minecraft:sprint_one_cm":7520,"minecraft:damage_taken":245,"minecraft:walk_one_cm":77102,"minecraft:sneak_time":10,"minecraft:mob_kills":2,"minecraft:drop":2,"minecraft:jump":167,"minecraft:damage_dealt":399,"minecraft:time_since_death":13160,"minecraft:total_world_time":13160,"minecraft:interact_with_crafting_table":4,"minecraft:fall_one_cm":3784,"minecraft:fly_one_cm":8935},"minecraft:crafted":{"minecraft:stone_sword":1,"minecraft:torch":4,"minecraft:stone_axe":1,"minecraft:crafting_table":1,"minecraft:spruce_planks":16,"minecraft:stick":8,"minecraft:wooden_pickaxe":1,"minecraft:stone_pickaxe":1}},"DataVersion":3120}