{"stats":{"minecraft:picked_up":{"minecraft:stick":6,"minecraft:cooked_porkchop":4,"minecraft:leather":4,"minecraft:spruce_fence":1,"minecraft:porkchop":1,"minecraft:sand":28,"minecraft:dried_kelp":14,"minecraft:spruce_sapling":6,"minecraft:spruce_log":4,"minecraft:gunpowder":2,"minecraft:dirt":4,"minecraft:iron_axe":1,"minecraft:bone":3,"minecraft:rotten_flesh":3,"minecraft:cooked_cod":1,"graveyard:corruption":3,"minecraft:wheat_seeds":3,"minecraft:beef":4,"alexsmobs:maggot":2,"minecraft:coal":5,"minecraft:cobblestone":43},"minecraft:mined":{"minecraft:large_fern":9,"minecraft:spruce_sapling":2,"minecraft:spruce_log":4,"minecraft:grass":1,"minecraft:spruce_fence":1,"minecraft:coal_ore":4,"minecraft:grass_block":3,"minecraft:spruce_leaves":3,"minecraft:stone":44,"minecraft:fern":10},"minecraft:used":{"minecraft:stone_sword":14,"minecraft:iron_axe":1,"minecraft:stone_pickaxe":47,"minecraft:dried_kelp":7,"minecraft:wooden_pickaxe":3,"minecraft:spruce_sapling":5,"minecraft:rotten_flesh":3,"minecraft:stone_axe":24,"minecraft:torch":3,"minecraft:cooked_porkchop":2,"alexsmobs:animal_dictionary":1,"minecraft:cooked_beef":4,"minecraft:spruce_fence":1},"minecraft:dropped":{"minecraft:gunpowder":2,"minecraft:cooked_porkchop":2,"minecraft:cooked_cod":1},"minecraft:killed":{"minecraft:skeleton":1,"alexsmobs:orca":1,"graveyard:ghoul":1,"minecraft:zombie":2,"minecraft:pig":1,"alexsmobs:fly":1,"minecraft:creeper":1,"minecraft:cow":2},"minecraft:killed_by":{"minecraft:skeleton":1},"minecraft:custom":{"minecraft:time_since_rest":9349,"minecraft:interact_with_furnace":10,"minecraft:sprint_one_cm":17154,"minecraft:damage_taken":1035,"minecraft:walk_one_cm":241231,"minecraft:mob_kills":10,"minecraft:drop":5,"minecraft:damage_dealt":2264,"minecraft:swim_one_cm":17062,"minecraft:interact_with_crafting_table":7,"minecraft:fly_one_cm":17230,"minecraft:open_chest":11,"minecraft:crouch_one_cm":1414,"minecraft:play_time":37160,"minecraft:deaths":1,"minecraft:sneak_time":515,"minecraft:walk_under_water_one_cm":17646,"minecraft:jump":474,"minecraft:walk_on_water_one_cm":15151,"minecraft:time_since_death":9306,"minecraft:total_world_time":37160,"minecraft:fall_one_cm":7124},"minecraft:crafted":{"minecraft:cooked_beef":4,"minecraft:crafting_table":1,"minecraft:stick":8,"minecraft:spruce_planks":16,"minecraft:wooden_pickaxe":1,"minecraft:stone_pickaxe":1,"minecraft:stone_sword":1,"minecraft:torch":4,"minecraft:stone_axe":1,"minecraft:air":0}},"DataVersion":3120}