{"stats":{"minecraft:picked_up":{"minecraft:leather":4,"minecraft:shield":1,"minecraft:gunpowder":2,"minecraft:string":2,"minecraft:dirt":4,"minecraft:iron_axe":3,"minecraft:iron_shovel":1,"minecraft:bone":10,"graveyard:corruption":3,"minecraft:gray_terracotta":7,"minecraft:wheat_seeds":3,"minecraft:cobbled_deepslate":1,"minecraft:beef":4,"minecraft:stick":6,"minecraft:sandstone":4,"minecraft:cooked_porkchop":14,"minecraft:spruce_fence":1,"minecraft:porkchop":1,"minecraft:sand":28,"minecraft:dried_kelp":14,"minecraft:spruce_sapling":6,"minecraft:spruce_log":4,"minecraft:dark_oak_planks":4,"minecraft:arrow":6,"minecraft:rotten_flesh":3,"minecraft:cooked_cod":1,"minecraft:polished_basalt":2,"alexsmobs:maggot":2,"minecraft:coal":5,"minecraft:cobblestone":43},"minecraft:mined":{"minecraft:dark_oak_planks":5,"minecraft:grass_block":3,"minecraft:spruce_fence":1,"minecraft:spruce_leaves":3,"minecraft:sandstone":1,"minecraft:spawner":1,"minecraft:large_fern":9,"minecraft:spruce_sapling":2,"minecraft:polished_basalt":1,"minecraft:spruce_log":4,"minecraft:grass":1,"minecraft:coal_ore":4,"minecraft:spruce_wood":2,"minecraft:stone":44,"minecraft:deepslate":1,"minecraft:fern":10},"minecraft:used":{"minecraft:stone_sword":14,"minecraft:stone_pickaxe":51,"minecraft:dried_kelp":20,"minecraft:polished_basalt":2,"minecraft:shield":10,"minecraft:wooden_pickaxe":3,"minecraft:sandstone":3,"minecraft:rotten_flesh":3,"minecraft:torch":4,"minecraft:spruce_fence":1,"alexsmobs:maggot":2,"minecraft:iron_axe":40,"minecraft:iron_boots":1,"minecraft:spruce_sapling":5,"minecraft:stone_axe":34,"minecraft:cooked_porkchop":10,"alexsmobs:animal_dictionary":1,"minecraft:cooked_beef":4,"minecraft:cobbled_deepslate":1},"minecraft:dropped":{"minecraft:cooked_porkchop":2,"minecraft:gunpowder":2,"minecraft:cooked_cod":1,"minecraft:iron_axe":1},"minecraft:killed":{"minecraft:pig":1,"graveyard:ghoul":2,"minecraft:zombie_villager":1,"minecraft:slime":2,"minecraft:creeper":2,"minecraft:skeleton":10,"alexsmobs:orca":1,"minecraft:zombie":2,"alexsmobs:fly":1,"alexsmobs:crow":1,"minecraft:cow":2},"minecraft:killed_by":{"minecraft:skeleton":1},"minecraft:custom":{"minecraft:interact_with_furnace":13,"minecraft:mob_kills":25,"minecraft:interact_with_crafting_table":7,"minecraft:time_since_death":33306,"minecraft:time_since_rest":33349,"minecraft:sprint_one_cm":36787,"minecraft:damage_taken":1791,"minecraft:walk_one_cm":437428,"minecraft:damage_blocked_by_shield":450,"minecraft:drop":6,"minecraft:damage_dealt":4114,"minecraft:swim_one_cm":24197,"minecraft:fly_one_cm":31757,"minecraft:open_chest":14,"minecraft:crouch_one_cm":1944,"minecraft:play_time":61160,"minecraft:deaths":1,"minecraft:sneak_time":645,"minecraft:walk_under_water_one_cm":20479,"minecraft:jump":769,"minecraft:walk_on_water_one_cm":23622,"minecraft:total_world_time":61160,"minecraft:fall_one_cm":13077},"minecraft:crafted":{"minecraft:cooked_beef":4,"minecraft:crafting_table":1,"minecraft:spruce_planks":16,"minecraft:dried_kelp":6,"minecraft:wooden_pickaxe":1,"minecraft:stone_axe":1,"minecraft:air":0,"minecraft:stick":8,"minecraft:stone_pickaxe":1,"minecraft:stone_sword":1,"minecraft:torch":4}},"DataVersion":3120}